,4G2,Axl,CCR4,CCR5,CCR6,CCR7,CD11b,CD11c,CD123,CD127,CD14,CD141,CD16,CD161,CD169,CD19,CD1c,CD20,CD209,CD24,CD25,CD27,CD3,CD38,CD4,CD40,CD45,CD45RA,CD56,CD57,CD66b,CD8,CD86,CX3CR1,CXCR3,CXCR5,DNA,E1D8,HLADR,Osmium,PD_1
"('b_cell_naive_1', 'b_cell_1')",0.117222467321,0.105297517935,0.530570086662,0.38213755314,0.68262713167,0.401236022832,0.210155904388,0.0665199026699,0.0696631805221,0.08021494953,0.120374788035,0.0727962742863,0.177452058783,0.056505669687,0.0924303164649,0.50977512611,0.168902343794,0.557738349859,0.119184505144,0.296988653193,0.101955410391,0.14516959663,0.120063566044,0.334007052804,0.0876497799921,0.511823307509,0.384827344212,0.452978647311,0.181645610668,0.0309103974617,0.123864261331,0.0871094028565,0.149621280452,0.10200351244,0.538683857865,0.522942547804,0.851559886608,0.119347189044,0.557234937327,0.711905606828,0.037748657937
"('b_cell_naive_4', 'b_cell_10')",0.144771686762,0.132130090055,0.0789135363166,0.0216797911065,0.622243291636,0.447939434214,0.214926140311,0.0197934719135,0.151666942679,0.118744297474,0.111584918627,0.0810607950286,0.276763899096,0.0289261176816,0.0945024518137,0.6605649821,0.153058596932,0.684154445681,0.0599468565839,0.289150498234,0.0797572424177,0.0651087998711,0.100671802696,0.388833901919,0.0673363769766,0.738555852089,0.409870967762,0.560140884615,0.169099257967,0.0161643345095,0.173947338881,0.0727479634104,0.0788356095781,0.0180655627045,0.0774329128251,0.7533811813,0.837286991844,0.0237951310751,0.714579524308,0.754108660177,0.0145952076884
"('b_cell_naive_4', 'b_cell_11')",0.163451381381,0.148613154207,0.0873336378638,0.0266639772632,0.680866421625,0.378052291709,0.236003231813,0.0255560778247,0.155968595113,0.14718864243,0.164277683978,0.115078420278,0.33351640481,0.0458764459436,0.10510708678,0.691593279224,0.385484882116,0.722011351758,0.0783474780602,0.450140254287,0.128577113461,0.0829257719789,0.123216017571,0.518659225262,0.0891545975873,0.772363962957,0.449122966405,0.634653532967,0.226307609895,0.0185777720252,0.233424874497,0.090300160419,0.106091586095,0.0241681279227,0.0860274716328,0.749684730569,0.842452319872,0.0281120844642,0.740127652144,0.771124667346,0.0178044374713
"('b_cell_transitional_1', 'b_cell_12')",0.141474935232,0.122865677942,0.069294394189,0.0282756411498,0.546145753552,0.241111180284,0.283730429348,0.0180566526411,0.199907250777,0.194198896371,0.125306935114,0.117993261874,0.383899818363,0.0896887556214,0.0806259670219,0.662667257798,0.207240654338,0.77180980859,0.0895430264592,0.676525965881,0.150336595557,0.0640630722081,0.154234498062,0.695921277783,0.0799697980956,0.711160921561,0.476410662893,0.603909924893,0.171041586907,0.0169204969656,0.244059585493,0.0908610441185,0.125392970505,0.039422838339,0.0710553471758,0.636666511974,0.840471780264,0.0269434390393,0.686555264206,0.768526733076,0.0208002704821
"('b_cell_naive_4', 'b_cell_13')",0.103518734948,0.0872216713129,0.0515492347647,0.0157779450466,0.540647011264,0.419623424075,0.251327378193,0.0208744384726,0.0980140212179,0.0576581417403,0.0589092510246,0.0572679307158,0.169323550897,0.020115565124,0.0735513324339,0.629135558622,0.152318909696,0.63180174204,0.0324866525016,0.233361694451,0.0640037316921,0.0431117996838,0.0729242466933,0.358536021339,0.0382833125042,0.696406632929,0.515712661653,0.546747704049,0.0999091445584,0.0400102289943,0.0958818777548,0.0434212201614,0.0497041962657,0.0153022673092,0.0501046059582,0.737196812211,0.808619452847,0.0493222471165,0.661443676403,0.672685113305,0.0114419537007
"('b_cell_memory_1', 'b_cell_14')",0.0735807601155,0.0292736764335,0.0251342121025,0.0145987437393,0.25493380854,0.140450381076,0.23359216698,0.040011017069,0.0660839471475,0.0438080898287,0.0329361162431,0.0496525203514,0.145577114711,0.0098654177865,0.0263729904054,0.570649696402,0.247579265227,0.600171847517,0.0132019004149,0.175646533334,0.0387947659683,0.0782084983107,0.0391677624736,0.194077433537,0.0351067441178,0.422097491536,0.303193516047,0.51375454589,0.0419219007349,0.0248670867301,0.0698020054542,0.044089552045,0.0415748642927,0.00703960257725,0.04455165717,0.405904950622,0.831568056926,0.0609531522594,0.484404537085,0.711683690165,0.0158663404812
"('b_cell_naive_4', 'b_cell_15')",0.117532565186,0.103431870899,0.0562504089744,0.01938696607,0.616723567062,0.348955522878,0.273498958264,0.0214035297952,0.115161568632,0.0683468821932,0.0772595942387,0.0807431091064,0.20457912097,0.0350995924329,0.078721216169,0.647537869788,0.436856975418,0.667019487549,0.0442571314546,0.374049794949,0.107921930881,0.0491725884811,0.0892315895155,0.502939357276,0.0477009551013,0.739801731097,0.562451634876,0.629180848859,0.130930730982,0.0261372754526,0.121854361163,0.0524260030279,0.067118537062,0.0208998623383,0.0567090371434,0.733448778203,0.812185500214,0.0564976773351,0.69190723722,0.693962295061,0.0145754258824
"('b_cell_memory_1', 'b_cell_16')",0.172677339654,0.114381405123,0.0772720856067,0.0548796036911,0.545316347803,0.211697212115,0.157550071079,0.105057709565,0.0801081970723,0.171419210874,0.121502368878,0.124269106744,0.357998632644,0.0425949082202,0.075422340195,0.71028742865,0.345879188176,0.764748718021,0.0696393820724,0.36115024075,0.16626272841,0.433550417799,0.11967584997,0.388936897154,0.0922861100191,0.742833442302,0.474399807787,0.652377051326,0.176161662651,0.0253271056308,0.230469304264,0.118954846386,0.165563987008,0.0193438268619,0.306599996175,0.590323564048,0.849154163941,0.0528977246684,0.699189075881,0.802737257683,0.0270795610141
"('b_cell_plasmablast_1', 'b_cell_17')",0.132868306766,0.0874747791437,0.067922934829,0.0598196138153,0.0464960571199,0.298034942325,0.0325391352425,0.0258752915297,0.144215231049,0.0304440866706,0.097235397253,0.0596892343307,0.0961816788093,0.273674148237,0.0537029549348,0.582719798868,0.0557849744043,0.192054108327,0.145602589337,0.0509272036051,0.312494802252,0.633194480901,0.317967945471,0.836793371563,0.0935771831043,0.400721460244,0.420538968182,0.552898925294,0.116909679649,0.0231884064009,0.0838692443944,0.128713361112,0.562311629986,0.0976920145712,0.197118874002,0.067220513781,0.883565429625,0.0730890503012,0.573952503262,0.848621060284,0.0149985274159
"('b_cell_memory_1', 'b_cell_18')",0.0805368714188,0.0665889906233,0.0601196107664,0.0337299575915,0.34462653426,0.285394465962,0.145338800459,0.0241011349255,0.0664327311062,0.0850711565549,0.0659893246971,0.0521975925974,0.212370767128,0.0220604509512,0.0480691185055,0.530108834233,0.150262509644,0.633655417723,0.0325033711153,0.282101609921,0.0642500142766,0.10018076128,0.0750452280152,0.285455857042,0.0503565264331,0.577427249494,0.329290483354,0.449075497124,0.0910948724654,0.0153865249775,0.113547030124,0.0623747568138,0.0630776960289,0.0148841784996,0.0779566723276,0.536698914522,0.83870844885,0.0248724638188,0.592392315826,0.753765129978,0.0122968139502
"('b_cell_naive_4', 'b_cell_19')",0.11279667003,0.0875869256698,0.0571949216305,0.0221535376606,0.542586193525,0.319541617635,0.703997853117,0.0317281958287,0.105916371536,0.0689462022061,0.072617613939,0.0814157008973,0.211747671711,0.0287681696638,0.072043178725,0.647586045666,0.30488570174,0.677379161411,0.0360417343249,0.455088645926,0.0920717143551,0.0852636276209,0.081974663218,0.392941499334,0.0453577779062,0.697351525098,0.583876960723,0.61201459472,0.116899065679,0.0392694278534,0.126925407936,0.0521192844759,0.064334310614,0.0184066873014,0.0704127872128,0.710893791944,0.813126083311,0.0622344913849,0.663055838838,0.691961070925,0.0750428930336
"('b_cell_memory_1', 'b_cell_2')",0.158132971947,0.10129956835,0.0645935977678,0.0554188957732,0.505148227536,0.234580625514,0.157104978654,0.0661093621026,0.0815541323163,0.158134130975,0.14662538049,0.134447742182,0.340157727399,0.0309738573666,0.0675133260098,0.670084637236,0.484169449923,0.728866217052,0.0434739129028,0.640090173548,0.21364069837,0.390650152231,0.109077514245,0.229952670486,0.0965218151782,0.701798565371,0.429630088007,0.675592208681,0.193943511528,0.0237719984034,0.225708829062,0.114135525741,0.107711226519,0.0158570824647,0.126600848972,0.551407053951,0.857734403857,0.0344571180377,0.653195776206,0.817536369118,0.0293243436571
"('b_cell_memory_1', 'b_cell_20')",0.129345324558,0.06941701108,0.0515215910208,0.0413453915135,0.468021471054,0.192311342724,0.212765545428,0.0668883787578,0.0576536735991,0.0823960553285,0.0804842295154,0.102308195051,0.229603282145,0.0205776874561,0.0515978831623,0.642199235573,0.481579377018,0.686312618366,0.0281212490908,0.498750892256,0.149347198694,0.325594411939,0.0749156334936,0.187046774456,0.0548924688388,0.653702927547,0.511632702455,0.674335621788,0.119577862603,0.0265176035911,0.134385840918,0.0694731001402,0.0714313020773,0.0124053239449,0.119188141983,0.534639953835,0.823472934559,0.0768999657315,0.616813858094,0.739866499844,0.0306562176446
"('b_cell_transitional_1', 'b_cell_21')",0.0999548480582,0.0756496473668,0.045138567365,0.0195986973049,0.400550872219,0.208419755078,0.314359396094,0.0151573434888,0.146407755142,0.089326429247,0.0647657457764,0.0656203769086,0.249946845037,0.0698546725842,0.0572711125685,0.608570317559,0.134130291735,0.710914812743,0.0495984742681,0.557441656165,0.109324551854,0.0398856414021,0.115052974369,0.656222675615,0.0436896935772,0.632389724651,0.526603796553,0.545312761257,0.0970276735794,0.0171260435468,0.127576870685,0.0469141039833,0.0727392732187,0.0274974218137,0.0446389998424,0.545139110189,0.811890323398,0.0429598090818,0.610392732259,0.687858362646,0.0163045646741
"('undefined_2', 'b_cell_3')",0.161904753579,0.110869197115,0.0850062785301,0.0647329987121,0.534048280145,0.355574907199,0.314961691788,0.340507593468,0.120808144965,0.119310051185,0.130621162304,0.123460979423,0.515722462188,0.260094591727,0.136300848494,0.639756391562,0.245974931472,0.661669526658,0.103451058316,0.396376592888,0.147067057459,0.112114027292,0.160882557748,0.573009110155,0.0984554940795,0.695201718139,0.572812378173,0.627844151491,0.431346577982,0.497038457936,0.154113746184,0.19181247176,0.105056172194,0.234540269177,0.108006047277,0.649884030222,0.91941532532,0.0513273944868,0.667129368538,0.846744442459,0.0215461131629
"('b_cell_naive_4', 'b_cell_4')",0.150228388339,0.13066994671,0.0793657437205,0.0325865733462,0.601416226982,0.3179159007,0.707897312011,0.0384862227987,0.148183988493,0.163676510687,0.144101390699,0.340262853731,0.347044382227,0.0437192046255,0.0867041034698,0.673897418565,0.29655698735,0.738098015639,0.0678049264952,0.549819296746,0.130108496015,0.117538759523,0.114808273267,0.431947290559,0.0928289147204,0.734269107026,0.501465130604,0.623191262947,0.187400887618,0.0265746593454,0.231241745946,0.0978544202396,0.110917462452,0.02379462947,0.114842982016,0.687141966375,0.846201690598,0.0346771169958,0.709689740802,0.77999140137,0.0405648062339
"('b_cell_naive_2', 'b_cell_5')",0.159534942784,0.0694837624951,0.054011016246,0.0265059711521,0.492342456748,0.0681074363301,0.336529952059,0.356633162622,0.0598582509856,0.137529959454,0.0576758572788,0.0880174504301,0.334443970974,0.0155397586114,0.0284490844321,0.7467279345,0.236602777519,0.799793547423,0.0320499459863,0.076203593449,0.0281864753582,0.116072741213,0.0744806435703,0.126334916214,0.0561953240745,0.458954779706,0.499880716403,0.524301935556,0.0810275592316,0.0414788790315,0.171289382294,0.0811776350635,0.126095065034,0.01139617079,0.181946896987,0.216840636499,0.826070571204,0.0655546375189,0.642400698063,0.752751433756,0.0975615606992
"('b_cell_memory_1', 'b_cell_6')",0.167686690847,0.102856282999,0.0758672586768,0.0370843621851,0.581238278004,0.229558874455,0.20958483116,0.0436347120684,0.080344687784,0.171389162917,0.132480017085,0.120388521035,0.351750577598,0.0226908539291,0.070656345126,0.681685972237,0.298420512386,0.741627426043,0.0454455349244,0.501110487365,0.110668097037,0.105535663599,0.10115943041,0.124238669412,0.0897384819408,0.715067844939,0.421944980401,0.62823917178,0.183778784679,0.0183773811023,0.228535099354,0.108244254551,0.105529397089,0.0151384350309,0.142623070115,0.618661084871,0.849194940078,0.0304645605079,0.677708192807,0.793985627744,0.0207164735051
"('b_cell_naive_2', 'b_cell_7')",0.198377059108,0.0997549397794,0.0753402188355,0.0371844487558,0.552809053294,0.0835201614051,0.264277758742,0.315484713256,0.083322006247,0.244551099073,0.110019624424,0.138733159734,0.440168579484,0.0237843490855,0.0424649279325,0.743424903632,0.252181531624,0.819167057569,0.0521666261205,0.122871048655,0.041175590462,0.131527524658,0.1001571715,0.143069453494,0.0985107903653,0.570531598208,0.417929556233,0.563716175252,0.151078889013,0.0381169602307,0.276350935093,0.126769237791,0.176273108381,0.0149246343915,0.207691018306,0.386329911297,0.856164090141,0.0405798572382,0.696896922069,0.82092815695,0.0795941616819
"('undefined_4', 'b_cell_8')",0.154762740615,0.111311181709,0.149604008936,0.14872521228,0.552958419289,0.549174300801,0.246981472477,0.0978969270799,0.125300192495,0.360564750876,0.158144948526,0.133773983445,0.301719872515,0.127845448203,0.155139043517,0.634186221397,0.250807032003,0.672984614408,0.0875621183455,0.365553609652,0.192302789576,0.511248568527,0.606651455198,0.481453064023,0.435123431957,0.674389396574,0.590445413495,0.598271846043,0.214976831525,0.106585041638,0.179783679409,0.355812007077,0.123382585007,0.115464344662,0.204128462941,0.646476981803,0.917848151557,0.0733310498936,0.661601535436,0.824888187641,0.0749031392428
"('undefined_11', 'b_cell_9')",0.287263002866,0.136769544888,0.164973204867,0.253099296488,0.405388039855,0.295749013521,0.674613085534,0.582802586668,0.23002182001,0.158644090681,0.691691721499,0.258252704151,0.334721557196,0.0740254375687,0.381913872594,0.600496178502,0.25751379398,0.592274357355,0.110206226498,0.299454505997,0.115756811794,0.210095381074,0.227900545401,0.543377186835,0.51115602329,0.581191184239,0.673406944327,0.576485023608,0.186139220391,0.0957285846733,0.16376393254,0.286078207634,0.561222374121,0.221569663383,0.122312473441,0.506835960817,0.923484739253,0.231819608647,0.677824241067,0.892886643913,0.0475970016967
"('cd4_cd8_t_cell_1', 'basophil_1')",0.0214301315679,0.0179015313196,0.590987185162,0.0393876006185,0.0234629008397,0.196038310514,0.0341059645185,0.0113646647362,0.029294568999,0.418891308155,0.0339044444273,0.0344381207132,0.0575902905184,0.0605636634106,0.227719995565,0.0371759631865,0.02755475005,0.0385756935537,0.00877541946791,0.00781041965608,0.271711537615,0.219878204728,0.613493893314,0.0510338283287,0.0778753987671,0.0238748788586,0.323493498518,0.0639865632964,0.0253948962174,0.0159214659519,0.012756053047,0.711933953433,0.0179687412277,0.0294525247659,0.0550274532026,0.0156461458015,0.857432122058,0.0224143988353,0.0481048596968,0.811127915614,0.0304999798114
"('nkt_cell_3', 'basophil_10')",0.0142169271053,0.00705600823665,0.0199952757109,0.0451511422547,0.0177983600676,0.0464545475973,0.0618183999403,0.369077863958,0.0305693699654,0.0195738124822,0.0184419284128,0.0310323928475,0.0458155510083,0.0195988839022,0.146099162673,0.0403705831195,0.0170349547716,0.024501372191,0.0065557868872,0.0174533013568,0.0246043690177,0.036293849322,0.444763431308,0.131288747288,0.0337958161841,0.0275852544555,0.233197858492,0.24609254729,0.0338429706668,0.682972291967,0.00879630580588,0.628661568417,0.0231631736932,0.0663536333337,0.0342674586798,0.0150105938693,0.839835577037,0.05334785449,0.0192053890415,0.724770467056,0.0184458017356
"('b_cell_naive_4', 'basophil_11')",0.0383048447283,0.0197543838348,0.0727242668216,0.04295159542,0.217243524245,0.147194226232,0.203173440428,0.0190873575507,0.167540816435,0.0271696974451,0.0353492499836,0.0274752521659,0.0849369492004,0.0157432987978,0.0243818055379,0.321994473975,0.110497649434,0.467863053695,0.0130756445937,0.178013742772,0.0430444591414,0.0303955097724,0.0628878116856,0.223460230513,0.0278517627556,0.306672664587,0.157484298737,0.294238156102,0.0381597162867,0.0146437040087,0.0174532483956,0.0414706359634,0.0322647274257,0.0142117237404,0.069254318651,0.314494062492,0.83487086653,0.0400434586745,0.298545375487,0.706405720235,0.00675728281834
"('pdc_2', 'basophil_12')",0.0733033883234,0.0792425476775,0.0550020409793,0.368789196325,0.021286530363,0.113071530757,0.0302734378628,0.0276319219436,0.81492619887,0.0167906016452,0.0517737616056,0.162655636009,0.047470067282,0.0384217693581,0.0406231221556,0.0533303441962,0.0242686250243,0.0368648960276,0.0405634208376,0.0198697439193,0.0632390203106,0.0353756223088,0.0820869028517,0.491216358504,0.504163225774,0.0513246185031,0.280671328734,0.279815611214,0.0749551766621,0.0147840201999,0.0222439724077,0.095061478846,0.0578742605753,0.015653840925,0.369652768706,0.0206596203575,0.876370943216,0.0697716078365,0.519539613426,0.857156265266,0.0461437150423
"('cd4_neg_cd8_neg_t_cell_3', 'basophil_13')",0.0213250994918,0.0128066352806,0.0389374672042,0.197137295771,0.0527693034428,0.151343637508,0.0773647335796,0.0570422224369,0.0284044210895,0.153751217123,0.0256057963985,0.0102213657239,0.0386060969488,0.236181152338,0.0196834525747,0.0265741277374,0.0113384689107,0.026000438638,0.0338645484302,0.0153467007183,0.078889518319,0.147641682823,0.604016259515,0.126709538131,0.0326056339212,0.031596730409,0.242604988614,0.100621267314,0.0465856822861,0.12018793337,0.00461207465759,0.0980947315994,0.0198560993066,0.122809826213,0.12192604399,0.0218902156907,0.842025847208,0.0347630362991,0.0275081279608,0.739034592496,0.0131198853217
"('undefined_7', 'basophil_14')",0.0233570247536,0.0146638200715,0.0416424113547,0.0465724892436,0.0264656389129,0.0841052150056,0.138655829263,0.120568067122,0.0775886277347,0.0231034100616,0.032715362636,0.0135053930327,0.064620920208,0.263225707931,0.0294752565594,0.0472638325841,0.0113676301737,0.0313205164082,0.0449395839863,0.0173196053632,0.0979669773879,0.0441083444124,0.161142461816,0.533817491349,0.0328604641179,0.0415928381498,0.257489906483,0.149265301183,0.161810096648,0.0788733778327,0.00596441403314,0.0947028987061,0.0370851822206,0.218194344057,0.0528377050163,0.0213618418728,0.843174572049,0.0347690426765,0.074836938967,0.769056057662,0.00460612552707
"('cd8_t_cell_naive_2', 'basophil_15')",0.0259121502047,0.0370010823642,0.467168597159,0.335866242658,0.497896134175,0.28631435106,0.0418910832421,0.0583895198503,0.0211547777356,0.0948806104534,0.0415928898146,0.0212687243351,0.0361213692597,0.0369601997556,0.0901058569111,0.0366003887239,0.0151572867457,0.0410326150127,0.0482699291089,0.0381520280152,0.0584887129634,0.18217922389,0.506566677999,0.138723816658,0.0398028102003,0.0720421997002,0.159246870745,0.127467576584,0.104546155411,0.159370082113,0.0275382888465,0.49579568683,0.0329914364643,0.122711433599,0.406511784108,0.141357233035,0.828173882108,0.0358979060867,0.0539028124603,0.667046822215,0.0201585669091
"('nkt_cell_5', 'basophil_16')",0.0345588950202,0.0416454890226,0.399256796239,0.38976635265,0.467499853688,0.238901656218,0.0500526279893,0.0279703961626,0.0281745375692,0.158284512651,0.0500545804145,0.0174811202411,0.0371106776203,0.200222889333,0.0386684971917,0.0330052201961,0.0133540777675,0.0427848897965,0.072026109219,0.043787410202,0.081553156261,0.138448094729,0.526770716317,0.127888057381,0.149979660177,0.085205299998,0.170891445871,0.0735984066776,0.120279527758,0.050687948779,0.0213154551224,0.135449387362,0.0398260208471,0.138675641487,0.344777486543,0.113698748456,0.831323238808,0.0237601415668,0.0557841273647,0.694180735204,0.0149159501885
"('cd14_monocyte_2', 'basophil_17')",0.063300413989,0.0256272655549,0.0692636426321,0.12177391871,0.0288646686063,0.0520490014032,0.589612179562,0.419728501258,0.200451751667,0.0136120379879,0.464193044446,0.0804719327731,0.0374372063735,0.0213372840825,0.209848282355,0.0440196252026,0.0193026974156,0.039634257887,0.0226599247619,0.0257728756305,0.0337125658994,0.0335471507196,0.0909949829728,0.330634838431,0.249665329756,0.0807190833758,0.325303298788,0.0764941324442,0.0447777731129,0.0470745501325,0.0112099029795,0.0841698066943,0.317689723482,0.08611057595,0.0312102136597,0.0449653957259,0.886766427711,0.0427843955162,0.287974965562,0.873242608242,0.00706138053747
"('ilc_1', 'basophil_18')",0.026052939598,0.0102204951269,0.340413526646,0.0472456230383,0.187182446481,0.0827175985939,0.235155919843,0.100436232915,0.0492534403035,0.524808042118,0.0225526115085,0.0127709257083,0.0222423167051,0.546644656922,0.0161689327252,0.030230912013,0.0230403469436,0.0450138688644,0.14383018953,0.0143432933074,0.605595185613,0.0337109618638,0.104044082265,0.122085143124,0.0293917595719,0.0281532424587,0.379936153166,0.168042345046,0.0548962554756,0.015172000865,0.00844256111005,0.0507464844943,0.0195195132735,0.0116275495743,0.0993756961281,0.0169105621631,0.84068955763,0.023764450554,0.0553031858921,0.756491550019,0.005015345815
"('nk_cell_cd56low_cd16hi_3', 'basophil_19')",0.0174644387618,0.0145229415002,0.032362508791,0.078279972279,0.0301325350715,0.098834405785,0.0789964548819,0.236246515322,0.0499751152754,0.0279353750962,0.0359439721508,0.0287905946661,0.0640563424694,0.0579838208546,0.121067768524,0.0419665513982,0.0181485705492,0.0334209378,0.0136904120516,0.0187106615852,0.0664335332295,0.0397701216662,0.574289917356,0.222598568178,0.0487945187654,0.0402468849766,0.256744159344,0.186487150646,0.0843721401139,0.583601754636,0.00757512845906,0.470090748137,0.0260635313511,0.19644986246,0.0752678718205,0.0181661911946,0.844828670705,0.023796903649,0.0345715908752,0.770658307131,0.0145928994103
"('undefined_8', 'basophil_2')",0.031600070037,0.0425710384688,0.47498073553,0.336999902465,0.47103742414,0.219304340147,0.120372242337,0.0841260642781,0.062060372362,0.0434779578824,0.0901900705604,0.0231032316933,0.0636609195402,0.0895438833916,0.0646677768963,0.0464595829015,0.0157046792136,0.0608460694246,0.0577583994492,0.0522102453276,0.0512023851717,0.0762100221475,0.186968152013,0.255219474041,0.0878308982904,0.116745147379,0.159354713005,0.112502508619,0.131366810822,0.0748030270462,0.0277067969975,0.0957375496647,0.0811895072149,0.148786217489,0.363580950597,0.18838730922,0.834206528852,0.0420562642207,0.123902000435,0.691043152884,0.0148156462504
"('undefined_19', 'basophil_20')",0.0130122022821,0.00580692161626,0.0225348522875,0.0346522912341,0.0157717876524,0.203194733558,0.0393032154314,0.0220059637479,0.02860171764,0.18161603185,0.0164268576054,0.0301742383589,0.0351956828446,0.0186217241377,0.148427102708,0.0381968004177,0.0192700804846,0.0246480763638,0.00758593469609,0.0149852698698,0.0276640874926,0.312615443638,0.413629759145,0.112832356486,0.0338763065185,0.0171749754379,0.185233532891,0.225031333792,0.0179597688385,0.0193455495082,0.00690950563724,0.649407278258,0.0179673158835,0.0216795149176,0.0984728226241,0.0142111093603,0.843260557045,0.0548986198119,0.0194923615313,0.706770029263,0.0133742872412
"('cd4_t_cell_cm_1', 'basophil_21')",0.028373482096,0.0158514748397,0.513226027886,0.095581308472,0.0646123635933,0.205688614467,0.0426178799447,0.0138886315508,0.10545180806,0.467584749221,0.0307822061403,0.0544168134954,0.0383847076378,0.0759910396448,0.0216434720701,0.0411141115575,0.0281122211799,0.0419836416509,0.017045736525,0.0108766371828,0.357117967851,0.0989655685852,0.617739092136,0.0888387147088,0.708180868391,0.0344081718034,0.358225791512,0.0525764745944,0.0964879218325,0.0176355154674,0.00770601444969,0.148560416476,0.0222805067444,0.0448295584059,0.0713954280914,0.0192697069433,0.858425079154,0.0270762607376,0.0412400978792,0.804757057958,0.0275637906548
"('undefined_19', 'basophil_22')",0.017584914548,0.006958232769,0.17787439832,0.036226523315,0.0252553263839,0.179902898916,0.0332416073504,0.0117691838374,0.0360930188167,0.26216859702,0.014380236488,0.0285592404444,0.0189711113123,0.0264118857017,0.011615501449,0.0276645475135,0.0152992848452,0.0215837081824,0.00640851093162,0.00963114510553,0.111457458873,0.229806850379,0.43592863704,0.111025722538,0.598518978343,0.0180369316485,0.198585590844,0.0993088246134,0.0490490150426,0.0150617722381,0.00432913849026,0.0717252095494,0.016476386304,0.0152501169588,0.0284250201368,0.0196529023162,0.843656172824,0.052617156158,0.0172788169049,0.709962538541,0.021718656907
"('basophil_1', 'basophil_23')",0.0259877142067,0.0130516530208,0.0364248841809,0.114228241746,0.0159141458052,0.089093811254,0.397690875891,0.0821629324376,0.753442572241,0.0177645424972,0.0333167988401,0.0123040518159,0.0339901804675,0.0518242034845,0.0271511129064,0.0361564961098,0.0138033940974,0.0363246722517,0.032444510118,0.0106811929237,0.305045481476,0.0505558689014,0.127024997036,0.583065325802,0.0542760786213,0.0288595954038,0.305076235245,0.0545336608749,0.0212758818005,0.0174997150333,0.0300077708408,0.0749140865817,0.0297129882654,0.023591339687,0.0244491338423,0.0208737979201,0.84416569673,0.0213623670745,0.0617216186373,0.771249724067,0.0654651136222
"('undefined_9', 'basophil_3')",0.0127882407075,0.01059979829,0.0411551651801,0.0367605864868,0.0339514710303,0.0407605212245,0.171935814417,0.0953796501917,0.0226126416762,0.0306562288195,0.0378101542998,0.00960814690225,0.0294662644675,0.0297976415811,0.0184478418692,0.0358225601219,0.00918802970378,0.0499311670817,0.0089044463287,0.0179593122192,0.0184796295048,0.0590758120017,0.103880372188,0.0773146453416,0.0392550470231,0.0391599706088,0.249579233324,0.0496858989782,0.0250436343927,0.0670304425132,0.015027325185,0.0555510036867,0.0286678147838,0.0210771498913,0.0299476518038,0.0271022260591,0.844089244516,0.0182342862546,0.0610642957133,0.796532812945,0.00713614738384
"('cd16_monocyte_1', 'basophil_4')",0.0468688230757,0.0292485223435,0.0610657221678,0.0385050387765,0.0278908140875,0.0336287311194,0.186103108707,0.533273227909,0.44840722169,0.0206668829012,0.112696500571,0.135109926185,0.406615307746,0.0127007100413,0.11427952601,0.0745419431208,0.0339332745847,0.0376783243431,0.0105976356594,0.0203526336512,0.013771319966,0.0301675925548,0.0660601945442,0.110541390101,0.252734872946,0.214847573699,0.362670286952,0.19658158752,0.0420018324267,0.0560323340026,0.0125417494731,0.0897094550449,0.448911681709,0.250155840746,0.0326679372958,0.0397719095394,0.883188160236,0.0575091381349,0.411275932482,0.867714712799,0.0127819852679
"('undefined_22', 'basophil_5')",0.0581376977614,0.0308416422962,0.0445555308443,0.0356067654726,0.0235094365027,0.211570325091,0.032920069785,0.0175103746509,0.292017515126,0.0188183798407,0.049104272507,0.0249567366584,0.0467366409503,0.143539226246,0.0283559595946,0.249167019598,0.0226392816073,0.0659001982929,0.0667655851284,0.0283377233497,0.233364412821,0.244413486,0.206142946653,0.678523831535,0.0699941614959,0.166561031332,0.225671884033,0.257935568456,0.0498742531612,0.0178398306495,0.0139865123204,0.0775484233747,0.244118498202,0.0573431944643,0.116763972612,0.0334953115533,0.874682546163,0.0520398016093,0.31145608881,0.835616806609,0.00794603419773
"('cd4_t_cell_cm_3', 'basophil_6')",0.0191369078956,0.0146999622855,0.0930476871902,0.0796919218678,0.0761336794682,0.324781261303,0.0359245947823,0.0129628045992,0.0561811072693,0.148268777991,0.0297240724916,0.0234695563157,0.0280096661866,0.0543215008687,0.0179293508521,0.0337142677826,0.0129755012384,0.0327437719176,0.0173415177233,0.0183496910071,0.111386928866,0.321270729918,0.547983157587,0.215787162421,0.415748052331,0.0328151778571,0.145843435493,0.100875567999,0.0574171562112,0.0195309029199,0.0066021878559,0.0800276377047,0.0261229526467,0.0537949521242,0.111588546941,0.0381588529174,0.838779308664,0.0163049553809,0.0281204565335,0.724739430088,0.0119525771377
"('cd4_cd8_t_cell_1', 'basophil_7')",0.020392263431,0.0124510350891,0.0494026933268,0.0860605629439,0.0383008826046,0.270683830479,0.0505810086229,0.0363016467017,0.0527422888093,0.14833442573,0.0373282917928,0.0297451960871,0.0494751491125,0.0403761218324,0.140618569481,0.0427419568416,0.0210437703439,0.0387235169219,0.017297791234,0.0171291889488,0.0740125923027,0.293237428216,0.57317205637,0.185132026732,0.0459424212149,0.0280030601507,0.207723482618,0.161280122955,0.046985746846,0.0639155371378,0.00794231565018,0.610239374939,0.0242569078818,0.0883942379814,0.196327885791,0.0196691778178,0.842986564009,0.0185134555778,0.0365817397233,0.754697258569,0.0151129648123
"('undefined_8', 'basophil_8')",0.0563736521457,0.0315690929289,0.770757296505,0.150489059753,0.170462056099,0.0740876929177,0.521697986324,0.0469811143208,0.028360661534,0.0267165476556,0.112964874926,0.128647969716,0.0540951345759,0.0435514598838,0.146017387045,0.0384412579039,0.0147552466036,0.0675194233918,0.0513781953096,0.0518517791759,0.0484971061065,0.0531886035729,0.148002102865,0.43143063927,0.0731872437457,0.702020982118,0.187688927235,0.0894816047154,0.0459845058283,0.0366965745067,0.0254943936681,0.0949199940201,0.0700263376711,0.0464494442444,0.129581132265,0.15558630974,0.812819032491,0.0459407031838,0.197677101497,0.885935883038,0.011031439149
"('undefined_9', 'basophil_9')",0.00881827934207,0.0156456179385,0.0354949669823,0.0178427200785,0.0180060129658,0.0328784123169,0.755426279358,0.396547434309,0.015868503359,0.0174707763456,0.0441143494238,0.0052343135456,0.0290136132194,0.0138329844247,0.0176291057418,0.0312404645039,0.00777115489418,0.0534260043059,0.00709374988936,0.0143150573157,0.00893905956412,0.0602435410367,0.0937959812447,0.0637422903593,0.0308167316384,0.0283428610695,0.539280121664,0.0305278083348,0.0166921514615,0.0619833561011,0.0294375007321,0.0493895548402,0.0207866594622,0.0101248632631,0.0200224916955,0.0143063392049,0.885925812485,0.00769057407551,0.0587190682863,0.952053252166,0.00443307908642
"('cd14_monocyte_2', 'granulocyte_1')",0.0806022630997,0.0213897894217,0.096657870057,0.112802181099,0.0721312386127,0.0827251055686,0.673508242005,0.432823808017,0.0551734383762,0.0384998638619,0.537608830205,0.0532392676105,0.103335827703,0.0400553901883,0.172918076839,0.0611007321517,0.0273630695979,0.0665034397787,0.0390336321976,0.0788837703927,0.0406183692907,0.0794085718787,0.139584317735,0.388897374418,0.264582567327,0.105790583952,0.501503684633,0.104745812164,0.0784519830101,0.0700328690167,0.786230618038,0.111659794414,0.337445659736,0.0691447011624,0.0547533549272,0.0667098353341,0.865820919741,0.0319154546826,0.206849470667,0.838605378493,0.0213604422934
"('cd14_monocyte_2', 'granulocyte_10')",0.190017877732,0.0355782650002,0.150572814037,0.362875081878,0.0995297503232,0.152257781137,0.816263852615,0.587400259143,0.102306288406,0.0532810979611,0.787318418988,0.102308936133,0.115712024693,0.0533207675505,0.48844025002,0.0858411170805,0.0529398709907,0.117695030337,0.0970324313537,0.121730515621,0.0836744190055,0.133994715787,0.235661381294,0.548458731913,0.415689205936,0.239240274235,0.62776583433,0.162971660999,0.13416882162,0.0824714370336,0.920172011413,0.207573596031,0.557227698555,0.214990836729,0.0691492052857,0.132749861147,0.891470423024,0.0391869676056,0.42067328321,0.8813596646,0.0228934653099
"('nkt_cell_5', 'granulocyte_2')",0.0439397622652,0.0331090361034,0.22030876979,0.207985413553,0.184046184692,0.436654652247,0.168169714685,0.071112040852,0.0345037685707,0.369256125132,0.0788403345803,0.0652201124808,0.16454413681,0.153451146275,0.145407567211,0.0771615035158,0.0492197885226,0.0634853729184,0.0789968051987,0.142199706976,0.136324023665,0.506614974718,0.629336072071,0.283868147266,0.342355860322,0.0715850224313,0.441028116977,0.302130280038,0.145165657498,0.0886602058647,0.697518653623,0.420916019406,0.0883038281704,0.113514891934,0.257642765702,0.0899054142215,0.858265436513,0.0414630869182,0.0712008806633,0.775632672793,0.0756753041492
"('b_cell_naive_3', 'granulocyte_3')",0.0790120101156,0.0613950539418,0.191909765364,0.184901620509,0.260321945052,0.207101561872,0.472333177325,0.211786609438,0.120318277303,0.102968660387,0.187899288503,0.0801603736164,0.317916901057,0.0749088203803,0.0772288197602,0.170987268097,0.115810726697,0.203594651188,0.0977029982777,0.396117491193,0.0998350667082,0.1502486257,0.195779755622,0.262833080448,0.140150953011,0.215310917302,0.435362948331,0.286073080907,0.204554460376,0.103576549404,0.964505879017,0.15297856203,0.233067884148,0.110680366907,0.184918082325,0.171160115077,0.863822494417,0.045495555683,0.234929392639,0.854675444729,0.0666117585447
"('b_cell_naive_4', 'granulocyte_4')",0.117331370098,0.0838519364016,0.0675753936016,0.056131169748,0.492955346073,0.193877907534,0.256882116287,0.0926345797252,0.175651820728,0.145340118265,0.205695972308,0.113167330256,0.331185554467,0.0449188900723,0.0916819526951,0.599970020983,0.380307873765,0.682750950131,0.0578774490373,0.529221237536,0.135574714298,0.172893284103,0.161265769162,0.415132550455,0.117272982647,0.63466796471,0.494479623375,0.633859516974,0.265524124782,0.176061391731,0.998936500807,0.123428887552,0.195905486482,0.0339336864333,0.112928238185,0.563082342607,0.828899857277,0.0601574807899,0.607178805499,0.752398981816,0.0551851764444
"('nkt_cell_5', 'granulocyte_5')",0.0388159895976,0.0177951401684,0.182833457664,0.115367923249,0.10604605668,0.551778614181,0.129166999607,0.028335976424,0.0203496983259,0.473568208842,0.0581004734359,0.0553179423153,0.134440363436,0.119305220886,0.0284481031799,0.0491867664449,0.0404609467924,0.0444126059829,0.0442960710826,0.120416496632,0.154424094153,0.641583290913,0.701055990034,0.31534295491,0.662233650949,0.0488701966904,0.499042016557,0.278030610007,0.12738025712,0.0291002297372,0.698675293226,0.141749757321,0.0569656360873,0.0720109169656,0.14547235312,0.0778471401022,0.843778319186,0.0531053752427,0.038978132181,0.745320685209,0.0776294266555
"('nkt_cell_5', 'granulocyte_6')",0.0523815406836,0.0957431497996,0.681972244036,0.559592409598,0.646716732087,0.353377197556,0.197040954549,0.107194300829,0.0436244245035,0.152512694822,0.168896741418,0.0312655927841,0.0831565223155,0.0982279180605,0.105348575441,0.0374458149013,0.02612521873,0.0511677701223,0.115338473909,0.106338909264,0.0790712449529,0.202995156022,0.342966741386,0.20787392893,0.259671207476,0.128872870537,0.33141045658,0.143550361226,0.1962638452,0.0670517793474,0.657367716139,0.140000856195,0.127863270671,0.136046980093,0.539871405035,0.323932344126,0.836163650325,0.0449484900941,0.120429036746,0.692257948778,0.0839824311883
"('cd14_monocyte_2', 'granulocyte_7')",0.109417472175,0.0255959948921,0.100391255368,0.0747047560177,0.03892849461,0.0789175628456,0.771200881205,0.581438376821,0.0724309284421,0.0252352732427,0.710308349918,0.0712747206077,0.0669625992894,0.0338043789259,0.515845596523,0.0322193630132,0.0202978574527,0.0437914099245,0.0411289636282,0.0354368261281,0.0372158017622,0.0555744117988,0.145374364728,0.490894786369,0.320292080659,0.159834116909,0.62335221659,0.0892835191185,0.0766821378099,0.0699605743169,0.893180014677,0.0916719573881,0.51275381668,0.0693551022814,0.02669117802,0.0898112880002,0.862691630831,0.0509914188893,0.325118635006,0.835518836762,0.0196569537591
"('cd14_monocyte_2', 'granulocyte_8')",0.15305120959,0.0215666482287,0.106349523124,0.205992316543,0.0744355861608,0.0953340788749,0.807362897081,0.585182244423,0.0592342459508,0.0468005313737,0.76165692286,0.0847730361735,0.0953908539067,0.047454734967,0.118980035898,0.0691057322865,0.0305749765598,0.0969912919321,0.0640840036889,0.0796842382297,0.0594608025152,0.0909025827611,0.21270830387,0.502949790017,0.404767029944,0.160584441758,0.657225209272,0.133978765106,0.0882904446919,0.081646010043,0.880108185356,0.172012085055,0.518153707431,0.157720038352,0.0511164319066,0.0515356934053,0.888042685607,0.0398009793167,0.367573803253,0.884585183904,0.02062499186
"('undefined_24', 'granulocyte_9')",0.0367580022804,0.016504476241,0.0869872159838,0.102407657461,0.0653486253339,0.422835711547,0.118426304047,0.117280183642,0.0321607212715,0.35760336138,0.0669721181097,0.0633137793914,0.149630540649,0.0788311807431,0.245152402767,0.0647776863912,0.0449750078149,0.0552437607786,0.0397344744403,0.0918713192266,0.0697734546354,0.532118843311,0.622561462821,0.258049039333,0.0927275900675,0.0485127962082,0.476007017232,0.408527459763,0.104940139676,0.188174450113,0.640080346564,0.726607812326,0.048562008249,0.087438872433,0.232591731783,0.0335806286908,0.848940700537,0.0618604314452,0.0341773781425,0.755979896361,0.0578533649937
"('undefined_7', 'mdc_1')",0.029463107291,0.025661959227,0.0376781807437,0.147917552563,0.0377471364872,0.0672872049814,0.1058896539,0.338729471237,0.0183855689254,0.0183238371692,0.0298856238702,0.0243875585081,0.125672703904,0.125098727314,0.0437468014049,0.0259031904616,0.0175866680381,0.0460692940829,0.0462268345284,0.0258323288737,0.0529849232242,0.0590172565489,0.154634447008,0.511540050973,0.038888265214,0.0586160099513,0.426400352135,0.327943467479,0.32874223756,0.60287910263,0.0335237746305,0.109511158236,0.0523407049269,0.19259287287,0.067473215191,0.0309522087169,0.843531557608,0.0361073429882,0.388922619257,0.77239140055,0.0106275676455
"('cd4_neg_cd8_neg_t_cell_3', 'mdc_10')",0.0527534207859,0.053815259683,0.337065250835,0.433460535299,0.390404709681,0.272389627992,0.0734318468321,0.0784363876334,0.0226534105162,0.208454400211,0.0369460018476,0.0234625957844,0.0481976511436,0.300107672808,0.0691986217163,0.0285434756356,0.0284205121404,0.0797311820204,0.184358019481,0.0423219626278,0.168027266727,0.259635497246,0.539812474934,0.344336210267,0.0697833296997,0.0935572183749,0.320766313266,0.140260783055,0.137456466354,0.112426637792,0.056831205397,0.266788217812,0.0930126939785,0.15996208761,0.376006563907,0.13228644497,0.845789456033,0.0279150456722,0.404482467837,0.757803332672,0.091724934581
"('cd16_monocyte_1', 'mdc_11')",0.0758932352274,0.114653437895,0.0931168746799,0.0710540886568,0.0329689697785,0.0444643264454,0.230337501988,0.694763047499,0.376242452863,0.0356073263401,0.140249520242,0.226934674777,0.616969139092,0.0238678279142,0.194427639347,0.0474314806228,0.0632853425394,0.0548804578388,0.0520676683437,0.0271320381348,0.0202608236788,0.0597283054568,0.0928600160787,0.204177694092,0.381321387066,0.398858974878,0.547930229379,0.312375503078,0.0877741690633,0.0970614951872,0.0570735645865,0.123537146995,0.634191004212,0.400835573002,0.061169165458,0.0723537574402,0.889780501341,0.063281818033,0.664943878163,0.888954686822,0.0237065193459
"('mdc_cd141_1', 'mdc_12')",0.0664660358229,0.193052270022,0.104879898283,0.211476231626,0.0957894625136,0.088801507623,0.0358639919717,0.366480071171,0.118525226377,0.0208873937436,0.165811261082,0.924875022067,0.0468715312778,0.0680779191322,0.133337351518,0.0534950919328,0.0826650451074,0.0582781492388,0.100301979497,0.0155937457179,0.0802759396256,0.0512978681898,0.135590584416,0.617109161178,0.331411584572,0.263649541301,0.491017314471,0.144440213115,0.0968614934154,0.039016132165,0.0224889126539,0.107661988611,0.215861583816,0.0272751527267,0.480222047119,0.0446042974155,0.892581538523,0.0681559604406,0.691737756654,0.885648247659,0.0438785740806
"('b_cell_memory_1', 'mdc_13')",0.0510059560509,0.0862559057527,0.0613448203055,0.0280131926,0.333732143728,0.251948788241,0.155112114888,0.0277191223988,0.0614203376198,0.0643267231729,0.0448844685163,0.0452861820373,0.158814096327,0.0257933193174,0.0431014815922,0.307869934376,0.189218802795,0.582578232966,0.0438788820235,0.266798830569,0.0664145361204,0.101568229054,0.0767722898664,0.305732528534,0.0391277476181,0.542624679359,0.328370118988,0.407650961841,0.0855492489358,0.0179551203075,0.0885788531548,0.0573664925663,0.0576395891972,0.0148168581367,0.0762080318739,0.50220619342,0.831148445914,0.0321698351132,0.621594144514,0.734539871549,0.01230871034
"('mdc_other_2', 'mdc_14')",0.0666004505428,0.0743529146805,0.0717378354985,0.118630406628,0.0306235126195,0.0439451422979,0.446078690429,0.471267187893,0.135258057364,0.0166249366703,0.34409447044,0.114753393392,0.0452225968445,0.0226888169766,0.160275052504,0.0225741132936,0.0466392861578,0.0416792456236,0.0494607620773,0.019756286017,0.0227044938532,0.0524343756112,0.0801218684054,0.330126456589,0.286112974019,0.140536464763,0.432983616051,0.0908065623953,0.0512422459463,0.0541246544266,0.0300909645768,0.0686778445428,0.353890390194,0.105978215229,0.0457313212085,0.0466878026208,0.88979409222,0.0508466729993,0.577733345068,0.875028306734,0.0124264958472
"('b_cell_plasmablast_1', 'mdc_15')",0.0680911211999,0.0863537333867,0.0702423253888,0.0488514142881,0.0310940659891,0.235442126166,0.0271293954313,0.0220823033241,0.100890223576,0.0208843537092,0.0504204207626,0.0323319578331,0.056389338159,0.212177475269,0.0348895568082,0.273836999212,0.0318784143563,0.118596275792,0.130255693681,0.0322622702342,0.244590952041,0.432909098,0.258587751643,0.777750996694,0.0626200760391,0.252941898476,0.343639825817,0.403530153981,0.0851024094515,0.0214853701184,0.0498829383217,0.099852653639,0.437966870046,0.07449366897,0.192195446966,0.0386596848468,0.874256327619,0.0616829987609,0.61079298464,0.828418883684,0.00956147213847
"('cd4_neg_cd8_neg_t_cell_2', 'mdc_16')",0.0515090800687,0.0492689685882,0.0605988220286,0.29314028589,0.0335248949502,0.326056540675,0.0294351159741,0.11341104502,0.0211697120519,0.0503930942391,0.0395587061167,0.0292773891731,0.0424354981876,0.164783246072,0.0325101796373,0.0244187149139,0.0202760078732,0.0440054932716,0.0832312925626,0.0295882129657,0.161911433855,0.63097248774,0.664121548654,0.626734225504,0.0701211600053,0.0397160997659,0.429985533712,0.353930978279,0.0743652248019,0.274368294895,0.0373536747576,0.1391961147,0.053497183732,0.105422352463,0.203382367776,0.0562570834061,0.85872211557,0.047074117602,0.521882957001,0.805155042883,0.145687701016
"('mdc_other_1', 'mdc_17')",0.0647165383602,0.0999855107977,0.553645215766,0.512154022628,0.640240875373,0.307280645976,0.224673060502,0.245389342585,0.114285663597,0.0427171508932,0.187012159399,0.0699828723602,0.109363271168,0.056953025868,0.163748057734,0.0782540275862,0.051171091771,0.164658986894,0.1596291053,0.120736690821,0.0663852033065,0.101194556596,0.147870041438,0.281797204597,0.180185871733,0.294300281465,0.334236760636,0.192256176484,0.213450222157,0.0463656132876,0.130354876456,0.105161669157,0.269206679811,0.234340129796,0.50845461377,0.364052858672,0.85020857297,0.0576349670645,0.506297725306,0.745124942594,0.0442529113552
"('mdc_cd1c_1', 'mdc_18')",0.165126800667,0.557798857822,0.164111868949,0.755242689685,0.252107640138,0.0795803413988,0.379140448955,0.866366361658,0.318695087244,0.0411529179184,0.134445237855,0.386864932278,0.111431109524,0.0585955076634,0.300894181054,0.109753073843,0.84122454452,0.0696898593727,0.229042602664,0.0276274335172,0.18251626626,0.0809275831888,0.179035914595,0.510722029484,0.601144595361,0.418723945647,0.593044437142,0.224955969939,0.160756589099,0.174470562143,0.0677162821258,0.188433720619,0.447322410866,0.151766142303,0.191279506805,0.0897801845978,0.894750720963,0.0644339452674,0.862903101777,0.902421109676,0.0291516563804
"('mdc_cd1c_1', 'mdc_19')",0.118260246631,0.297908714811,0.108654411978,0.640708943966,0.156380692455,0.0788249721769,0.115829559608,0.679044228485,0.340109023571,0.0277187263733,0.123523345999,0.239149836862,0.062543276553,0.0496149238351,0.29164466485,0.0570242294705,0.559711247685,0.0453378110714,0.150627005779,0.0214489002277,0.0990743427942,0.0729793332499,0.174661316012,0.545059601889,0.468667351274,0.117245550371,0.523606191344,0.177243013649,0.134161671759,0.0924139843676,0.0408936473871,0.124912174651,0.386254697843,0.145797804303,0.13098167525,0.0595328732369,0.886091146166,0.0573048351078,0.76077583503,0.883352187327,0.020760780719
"('undefined_25', 'mdc_2')",0.0338862871361,0.028338733707,0.0459584946975,0.242531018289,0.0408256366402,0.139329068792,0.055401829881,0.346284137157,0.0189145993098,0.0387325250063,0.026118617441,0.0422100756523,0.0615408211272,0.069952836029,0.164388322452,0.0240082000473,0.029354114081,0.0590446578358,0.0405313208949,0.0217426379078,0.0767463506961,0.124948183099,0.659641569819,0.338485929653,0.0584771326339,0.0518700522734,0.40140113573,0.237416880961,0.0841922438736,0.65757663017,0.0373298867295,0.612211060512,0.0759380423201,0.224437939275,0.137059451877,0.027605332242,0.844089393526,0.031081123211,0.395328791926,0.773200718959,0.114222147519
"('cd4_neg_cd8_neg_t_cell_2', 'mdc_20')",0.0539915121477,0.0544336182974,0.095980940395,0.382620443581,0.028548413734,0.181595676746,0.030844076186,0.0433727191953,0.0249498281003,0.0752230162194,0.0365905670504,0.0496873994346,0.0732933045833,0.0919653848564,0.223661907461,0.0370576274976,0.0368221958593,0.0569242707497,0.0802275283946,0.0161388677055,0.100861970805,0.446393396651,0.63342972915,0.513546744191,0.0859294073508,0.0316636000708,0.475021784931,0.146796618938,0.0493510227902,0.069595362143,0.0376642212663,0.726884653697,0.251368580098,0.128848542624,0.394218418199,0.0267176560071,0.859185706022,0.0527004560163,0.547655577883,0.799017153601,0.272277954252
"('cd16_monocyte_1', 'mdc_3')",0.0503369226891,0.0559709442118,0.066624914487,0.0610064491332,0.0320011450849,0.03744557257,0.16719282782,0.461904332909,0.217130908842,0.0184055507664,0.113880792073,0.0985771828055,0.104113356534,0.0174052619435,0.0986461420784,0.0357297691607,0.0219773388524,0.0435550659913,0.0299105139525,0.0197137419347,0.0131673006548,0.0524047930829,0.0674188780829,0.142201699116,0.233909333928,0.174928505954,0.445988006053,0.179611246263,0.0451281815092,0.0443291002832,0.0292337053926,0.0779454294867,0.39512745492,0.186512293486,0.043245349536,0.045307241595,0.881952890488,0.0451829509346,0.548019124863,0.86773445754,0.0124555306278
"('undefined_7', 'mdc_4')",0.0387366973185,0.0351506695369,0.0538588082109,0.24325528588,0.0294575888601,0.101641297683,0.105526509805,0.146032065547,0.0325179636951,0.0365941825201,0.0302812726585,0.0165953951659,0.0944210788246,0.3218594688,0.0502734820612,0.0288267075762,0.0157446439627,0.045810846551,0.110674289763,0.0171959796146,0.0973223086768,0.0833785415009,0.152668520226,0.592050390438,0.0416398141706,0.045082519713,0.426904419781,0.182583219017,0.306313938987,0.0709702490416,0.0229288955956,0.10371802866,0.113675463386,0.193133107676,0.178808843714,0.030107000715,0.853851111168,0.0364054246479,0.440144141438,0.792048567259,0.0112530258983
"('mdc_other_2', 'mdc_5')",0.112501218461,0.221209998135,0.128270077973,0.401049886142,0.0606561279663,0.0772108120243,0.386935767549,0.67089332873,0.333206742298,0.0271754498066,0.421442666342,0.228403395579,0.101448027256,0.0443565745125,0.356822051586,0.035913468728,0.223350647718,0.0563567037201,0.159273737251,0.0323127324725,0.0564491766271,0.0704043632707,0.168912644682,0.482283005468,0.456151033724,0.296956403857,0.558032662557,0.168507997265,0.118441226908,0.09395658355,0.0519765239991,0.124512486747,0.54837692158,0.296732687896,0.103089807321,0.0921783016452,0.892471967612,0.0631706216339,0.75781547074,0.894029755755,0.0206165828452
"('mdc_cd1c_2', 'mdc_6')",0.0582269674203,0.151158772488,0.0699251226597,0.432788281942,0.0529413826498,0.0547274731349,0.0866085365514,0.502003076207,0.23943078269,0.0175977015497,0.0805093355548,0.138187571311,0.0407917015732,0.0296902035738,0.133865287619,0.039427012293,0.381551553397,0.0356594960574,0.0738123087989,0.0141475869815,0.0581747552057,0.0519854575416,0.0910986590901,0.433452530368,0.327909794479,0.0625476736824,0.354713873427,0.111145526458,0.0704982868105,0.0569103836771,0.0275501457717,0.0828980843033,0.218913091808,0.0798637616654,0.0883625769632,0.0292791632758,0.883531956377,0.0487020841126,0.65711524239,0.869274071833,0.0157449641506
"('cd8_t_cell_cm_1', 'mdc_7')",0.0407848291153,0.0326595559354,0.0470853534212,0.395803733656,0.0483988587254,0.133677650767,0.0700482505109,0.363096334075,0.016286600904,0.15361298306,0.0205776798782,0.051793486652,0.0323581057973,0.141215058939,0.0263490612011,0.0158154145615,0.0216298787372,0.0569414504688,0.0677110445892,0.0120802942834,0.0686112464051,0.0647369049519,0.66485755613,0.256135597863,0.696407755412,0.0642952458571,0.39598526013,0.116925826358,0.103573888439,0.751689407159,0.0343070198254,0.164223375068,0.0891076723445,0.252620542754,0.148086474925,0.0304422834529,0.847252105192,0.0153458381076,0.450429381926,0.78674552074,0.338860332384
"('undefined_9', 'mdc_8')",0.0182549085461,0.0294408258518,0.0781996843736,0.0689160910703,0.0518771193433,0.0686262226488,0.2875502553,0.232093997668,0.0232571968104,0.0605472037827,0.0569461590306,0.0125215871984,0.0437431124328,0.0581945177512,0.0291238741325,0.0229408070486,0.0155256774345,0.112354104306,0.0261534588185,0.0234769378703,0.0250597985936,0.164348159595,0.216753055342,0.156666572662,0.0691355513523,0.0565337036748,0.399772421073,0.0704679641227,0.0413208473988,0.124382270929,0.102795809325,0.104187320833,0.042136634012,0.030570510045,0.0797965992775,0.040035294816,0.847176162395,0.0182597776428,0.268983946096,0.840310961966,0.02321260329
"('cd4_t_cell_cm_3', 'mdc_9')",0.0584592841249,0.0802547409616,0.448602609024,0.319704809099,0.0884015469351,0.24208563109,0.0294948693713,0.0496489518593,0.0293477514919,0.125410892824,0.0283527039145,0.0631916508004,0.0385664706425,0.102175886823,0.0242099071563,0.0224876680445,0.0259745837434,0.0463992543616,0.0783362078884,0.0150771804035,0.316006290929,0.327316268947,0.653128135986,0.365685397151,0.750087029001,0.0398066370153,0.487708781711,0.0792297489907,0.122119703582,0.0917064637952,0.0269390661213,0.165331105398,0.198312656932,0.0891295471445,0.246985034845,0.0403906811694,0.861123653827,0.0468087828155,0.61581333536,0.802799478389,0.344770411335
"('cd14_cd16_monocyte_2', 'monocyte_1')",0.152190566105,0.120301410243,0.123818229024,0.539404436651,0.0408751486244,0.0863994525324,0.499538536431,0.590197505067,0.330053832845,0.0270152231443,0.677902487685,0.214740404685,0.0732854351201,0.0462842981014,0.480961859208,0.0729609375412,0.135594681737,0.0580702308318,0.169878063519,0.0362597399951,0.0627706628051,0.0721340092866,0.186554468538,0.55889229291,0.469962766585,0.15457329458,0.559857912294,0.232570958472,0.116569847136,0.0636267917041,0.0454223618726,0.156426220449,0.552474360866,0.390810637914,0.0603702763467,0.0836510971795,0.90375934126,0.0470766629177,0.641560444584,0.910951089253,0.0186130728734
"('cd14_cd16_monocyte_2', 'monocyte_10')",0.0566867368473,0.0262978110457,0.0585022155657,0.0771626872262,0.0169631670204,0.0296316135512,0.722324607638,0.628140263474,0.137846390581,0.0194489270755,0.583768161476,0.167654178741,0.0442175981143,0.0137458133869,0.214372193806,0.0397123304035,0.0288249090086,0.0385558336783,0.0212964772601,0.0150707764575,0.0153881756783,0.0347137594886,0.0483631280465,0.33196646793,0.428914142885,0.0962338429076,0.45080197701,0.149197590022,0.0484114030402,0.0742020560348,0.0512985788564,0.0880788937095,0.504509678131,0.0547619876807,0.0166991822523,0.0316070239924,0.90137924135,0.0586738390519,0.413857169732,0.884971446735,0.0194915523759
"('cd14_cd16_monocyte_2', 'monocyte_11')",0.164368845103,0.216259012706,0.179122267957,0.33311615441,0.0511216691038,0.0796448350586,0.683346079145,0.73305338628,0.34142616999,0.0369111248533,0.731352767337,0.30764754863,0.217288344022,0.0468952710369,0.538494654328,0.0729903186489,0.100998007662,0.0734800255689,0.136349700423,0.0402468218595,0.0581288062834,0.0747375500265,0.153664632439,0.504572041088,0.541896173498,0.493056516081,0.670915696908,0.227120170322,0.138096228801,0.110232828141,0.0709346888916,0.160910928115,0.698533510827,0.340572285011,0.10037810106,0.140594729836,0.90184354502,0.0679759452383,0.754223149194,0.907744715464,0.0265201545024
"('cd14_monocyte_2', 'monocyte_12')",0.117912114045,0.0523332782278,0.113021762892,0.0912482888119,0.0346897943711,0.0636769866546,0.68073092696,0.593178009911,0.119662632288,0.023094806347,0.73592959415,0.127626045048,0.0392203924417,0.0296211135978,0.131573812807,0.0382187890412,0.0288403541688,0.0429279745741,0.0445654288003,0.0230296866426,0.0365200215016,0.044345444315,0.111823425934,0.493939354283,0.404710677296,0.181091718209,0.667527949719,0.125620413354,0.0606512089383,0.0658157479307,0.0662478970545,0.0801440001136,0.537228242872,0.117412923995,0.033654055939,0.0427223248495,0.868833665298,0.0576964561724,0.539601461429,0.849199096021,0.0172849974066
"('cd14_cd16_monocyte_2', 'monocyte_13')",0.214201703664,0.164410836388,0.179265636338,0.37579390891,0.0813562008157,0.103770857911,0.770264642188,0.661915022372,0.260965684487,0.0378979409915,0.817332176661,0.257124957951,0.130998649149,0.0551912374865,0.649205410036,0.0790225785533,0.0688891056849,0.0861337833557,0.128104400211,0.751779742654,0.0947089471887,0.0887847602322,0.17314490412,0.556719618341,0.513610610118,0.349520070926,0.635804137916,0.226957864437,0.146764155671,0.0931404095128,0.0793259213882,0.183174803883,0.656827302286,0.292817693465,0.099055702421,0.145567940248,0.897058349582,0.0793454319793,0.643401916074,0.902137675528,0.0284149210836
"('cd14_cd16_monocyte_2', 'monocyte_14')",0.167908851407,0.116358887969,0.168361767763,0.252315745436,0.0699728994665,0.0865066083953,0.758596648658,0.63702053347,0.16165981445,0.0370834357544,0.797992974179,0.20625090403,0.089956433963,0.0441892380862,0.175035141471,0.0703461776893,0.0608558287474,0.078516463339,0.0972512380707,0.736425264049,0.0650819425419,0.0753780563979,0.159084829806,0.506703246645,0.503631184706,0.218317995189,0.666917453648,0.200599964579,0.104121686441,0.0854299294449,0.0657835334548,0.163711222721,0.622178286897,0.290069724793,0.0781370236647,0.0563901695286,0.89783146119,0.0627834037569,0.599604997923,0.902798065358,0.0214623006752
"('cd16_monocyte_1', 'monocyte_15')",0.0991225004905,0.12490324763,0.125700604455,0.124158348111,0.0338370908806,0.046136299305,0.412991924498,0.733417710816,0.377405509498,0.0413396946276,0.418191357187,0.281853248049,0.586962295134,0.0271688505679,0.209573259631,0.0983490829772,0.0788942091628,0.056996918282,0.063213217697,0.0284660144692,0.0249018020781,0.058666007921,0.0967266487075,0.276917036991,0.459239562,0.427636845277,0.631631510257,0.299191483681,0.0913672409974,0.105969461142,0.0645133817786,0.142240084232,0.67918722983,0.437275264381,0.06510402717,0.0699983322137,0.894716770264,0.0672433294703,0.677784861102,0.897531700028,0.0257343303238
"('cd16_monocyte_1', 'monocyte_16')",0.580715439749,0.103130905866,0.177063044714,0.271846533972,0.091252803208,0.121915873691,0.734721185646,0.636198345377,0.190221465732,0.10816584561,0.755618638575,0.270098173799,0.311270775313,0.0817338305985,0.39166318501,0.276254278414,0.143288546004,0.222296060047,0.101837942202,0.105062704997,0.0649187855453,0.190466019339,0.249385701092,0.515088575218,0.553735054596,0.275149717166,0.648080734683,0.471722330585,0.155159915656,0.114453389696,0.0940082981053,0.404532833795,0.59934485678,0.239555662456,0.10879973042,0.120535590096,0.891115230812,0.643940601595,0.599408419951,0.864327834712,0.0404370188964
"('cd14_monocyte_3', 'monocyte_17')",0.114388281572,0.106374579696,0.581051801809,0.43735924739,0.458914301065,0.217751067433,0.576528090484,0.435605144104,0.134571867732,0.0353631598617,0.660351771775,0.125149694421,0.0639004211996,0.0380589480706,0.350183310479,0.0562880162254,0.0312504314781,0.0688505847988,0.159090513593,0.0959500771573,0.0563638125488,0.0590113136496,0.110932239464,0.436009465116,0.368921491753,0.294092074761,0.54160934834,0.144619722813,0.160617132649,0.0512054327599,0.133693927987,0.0956123974348,0.447738598489,0.251875236487,0.349176245006,0.26308436996,0.876436078404,0.059977637438,0.522088662088,0.823708395191,0.0377349723571
"('cd14_monocyte_2', 'monocyte_2')",0.119676844551,0.583536355329,0.141510913304,0.223109536676,0.399939955985,0.0626775645278,0.718539283664,0.563881101152,0.404329113144,0.0252358448673,0.760598375246,0.145588514883,0.0508651037248,0.0358888642469,0.300925154014,0.0880546693482,0.0248779751826,0.0521886359722,0.0587973270602,0.0270775310849,0.0472512156513,0.0555021179346,0.137133317351,0.507494816345,0.454466023586,0.183685074355,0.642281848801,0.146004488296,0.0713980091255,0.0667737876033,0.0754255622294,0.127723895736,0.580640049649,0.1929246514,0.0385540185279,0.0524135882698,0.874438784839,0.0438427821136,0.530916119523,0.872098169103,0.457675137764
"('cd14_cd16_monocyte_2', 'monocyte_3')",0.161603973634,0.0850838997736,0.180840360268,0.290029220002,0.0782159247524,0.0876151151394,0.749961287874,0.618758007011,0.190268672277,0.0315690885818,0.805537513805,0.200774572536,0.0904627024494,0.0648180615013,0.368797185008,0.0621844549932,0.0489804479263,0.0818963305444,0.225892050668,0.0514135659551,0.0637186840655,0.0735452817748,0.175457046793,0.534527158341,0.492364189871,0.229300431792,0.670327601493,0.187225080527,0.114893020993,0.0802457705497,0.0636040289771,0.162224638074,0.600280426627,0.2961810753,0.802776396172,0.0872152442375,0.893766331479,0.0600776231075,0.5938662587,0.899699321333,0.0207511577059
"('cd14_monocyte_2', 'monocyte_4')",0.146545879912,0.0453351687165,0.121744927597,0.223039901298,0.0440101963881,0.0835354401542,0.763550184511,0.573922975305,0.106517163154,0.0288372274062,0.777738154123,0.120484559006,0.0636085060811,0.0393766385761,0.201510428088,0.0577670490652,0.0303702886749,0.072286464342,0.0638408890597,0.0408108608178,0.0482744107792,0.0711837112544,0.166267171032,0.516960616441,0.439733735436,0.164938861631,0.615588795676,0.123598370524,0.0815548664751,0.0661611832512,0.138512820085,0.139665079652,0.562927062521,0.20368708877,0.0428078383658,0.0518817697073,0.89293656981,0.0375839607593,0.51378799205,0.894275060206,0.0160923915499
"('cd14_monocyte_1', 'monocyte_5')",0.150236734641,0.0661906830219,0.128960647832,0.134062628765,0.0426269198096,0.133546679658,0.68434084814,0.627160492465,0.146631560306,0.0276378413979,0.782243185282,0.180224468723,0.0514226715573,0.0344795015636,0.36805202966,0.0470427259288,0.0420882317238,0.0444727636952,0.0521233340501,0.0308024123384,0.867292000325,0.0415628546039,0.152891835025,0.506858921297,0.451262919886,0.160073199731,0.700174972049,0.170730186573,0.0833682417698,0.0722128543383,0.0605165656837,0.108815125035,0.579040701545,0.189041793711,0.0304051747044,0.0621327974445,0.869920699624,0.0826464729229,0.570573041038,0.859663790462,0.022008367177
"('cd14_monocyte_2', 'monocyte_6')",0.0991966283529,0.045059758532,0.0798053121019,0.149206730649,0.0307346749929,0.0545439143018,0.589870025227,0.41753189009,0.10388625497,0.0182858862519,0.62029600116,0.0844600708878,0.0463372692,0.0259321172632,0.288549985582,0.0439314872486,0.0221101625029,0.0422734954341,0.0489332439228,0.0245258851449,0.029416748219,0.0528790902288,0.0851703844774,0.432960215309,0.318690967215,0.121346713798,0.503403218724,0.0944264961835,0.0534958727421,0.0395061324095,0.0496224409742,0.0885684096976,0.383551909032,0.120071633952,0.0357372535247,0.0574858700095,0.881064192757,0.0422878539729,0.479773092362,0.868304448322,0.0103562127426
"('cd14_monocyte_2', 'monocyte_7')",0.170300061611,0.0719341029139,0.171685056919,0.328314762893,0.054130346026,0.101829403599,0.758547584024,0.630315533178,0.188665686986,0.0325802067901,0.81496244114,0.202574612971,0.0781238899238,0.0499786979124,0.18742985057,0.0635215839409,0.057472159428,0.0835381122317,0.102365045068,0.0508227896711,0.0605912271583,0.0852860783268,0.184558045684,0.539687482893,0.510626153121,0.241947638617,0.658629931274,0.225502672921,0.135589961178,0.0860657501964,0.0734589985835,0.165005246672,0.628117696379,0.369171605114,0.0608181991199,0.0691194761469,0.90604426254,0.0406986947239,0.609109028203,0.915314724854,0.0174809400806
"('cd14_monocyte_1', 'monocyte_8')",0.195896463222,0.0979131956619,0.16855143521,0.432554060268,0.0536342220737,0.110657229839,0.764026317593,0.633545816598,0.242754599031,0.0360015011258,0.822951186465,0.212898061848,0.0854872998126,0.0549843652487,0.57059259332,0.0757534575475,0.0585874463621,0.0860145581292,0.125880494135,0.0578753457599,0.0695544122699,0.0903206592942,0.203381778862,0.570242193285,0.506352022511,0.272018275973,0.634552025026,0.23982906768,0.137792797912,0.0843105408348,0.0688925780896,0.182345393707,0.6447085541,0.332350719216,0.0645108841953,0.124364429786,0.907799749327,0.0469533444663,0.611390584168,0.91827206513,0.0203600367734
"('cd14_monocyte_2', 'monocyte_9')",0.144483144749,0.0633908728611,0.134755811161,0.142243140917,0.040742306814,0.0752308932697,0.718805910825,0.610288183266,0.159374531652,0.0241093765341,0.770320461114,0.158191261411,0.0476640849194,0.0375049749031,0.509491156779,0.0412872046696,0.0322591158917,0.0465422177664,0.0641486026635,0.03284614927,0.0453213258016,0.0546938297129,0.12911856692,0.519291342018,0.447071017895,0.194914439056,0.646588569041,0.143007799713,0.0860971325198,0.0711312400055,0.054370256368,0.0979555360068,0.58500640345,0.185848527267,0.0392104392715,0.0838727230686,0.883582490016,0.0573119034091,0.550512433661,0.875691403084,0.0162707750804
"('nk_cell_cd56low_cd16hi_2', 'nk_cell_1')",0.0492322601564,0.0184427485407,0.0360170850219,0.399372174846,0.0302555008181,0.0818965966528,0.131814869179,0.0762520600264,0.0279101006354,0.0372009449021,0.0616428370592,0.03221296608,0.443725895322,0.456286709699,0.0953653369993,0.053428275808,0.0281692557935,0.0425434589318,0.145807170491,0.02035599642,0.0770045358938,0.165246183583,0.116517391198,0.542921511119,0.0567895937538,0.0810078345252,0.487928610684,0.29902030918,0.530465420785,0.0292349520986,0.0347039512029,0.156357310918,0.0811690286299,0.190424493041,0.23416757448,0.0394290944835,0.854736413871,0.0314835202429,0.241277047972,0.796934197415,0.00942386581559
"('nk_cell_cd56hi_cd16low_NA', 'nk_cell_10')",0.0438419744607,0.0133283198157,0.0297625653033,0.195540948297,0.0307670470504,0.114074079059,0.258095170836,0.461355755881,0.0274696948969,0.205516377477,0.0606949567525,0.0212598031578,0.157459646189,0.28952064147,0.225288183992,0.0454521171421,0.0210202928935,0.0501574004016,0.0777575505184,0.0197994824454,0.10383811936,0.247344276464,0.0863041376338,0.511686003922,0.0441292701072,0.0709527869987,0.414649700852,0.254689645442,0.784488459484,0.0470885075203,0.0297546725262,0.177680533352,0.0245588806425,0.0393864820806,0.222882990002,0.0860846533871,0.849624115467,0.033537200108,0.137636431845,0.791760592954,0.00904658907682
"('nk_cell_cd56low_cd16hi_2', 'nk_cell_11')",0.0337194397647,0.0141683935294,0.0279348410118,0.0864816243915,0.0184679419107,0.0775658476281,0.170644197753,0.198292124136,0.019800863933,0.025089257434,0.0466976513515,0.0343179536676,0.586212202026,0.363907932048,0.06226432618,0.0519558094451,0.0305676942519,0.0327880347756,0.0884787871499,0.0211233875872,0.0733229235431,0.0653273528517,0.10727077697,0.564279182103,0.0449142732719,0.0937294336648,0.437452182163,0.333144892119,0.421942556421,0.0489080735416,0.0275534698688,0.124592304549,0.0238098348814,0.295263336519,0.0702835692603,0.0272684247261,0.847875816607,0.0334517798315,0.116216980014,0.783667808973,0.00971536797663
"('cd4_cd8_t_cell_1', 'nk_cell_12')",0.0197099863314,0.00524790294619,0.0162003127152,0.0718602549961,0.0209984709729,0.150212345573,0.0441551769673,0.0365637317238,0.00938583855837,0.308213857332,0.0191502611082,0.0416943257855,0.0726925451976,0.0593438228415,0.187694683649,0.0434224308691,0.0268168253125,0.030643140296,0.0188730262782,0.0165576852591,0.0161645198472,0.448851653756,0.259139711107,0.105960694862,0.0573501319098,0.0167832102131,0.264925514067,0.338266301391,0.045808688032,0.0473624324088,0.0238236893444,0.688319344984,0.0291742632831,0.0107906553342,0.131412182133,0.0140597643753,0.84883106562,0.0717687257294,0.0231240490418,0.726323381197,0.0873621232105
"('nkt_cell_9', 'nk_cell_13')",0.0316178554103,0.0227370249659,0.151141686533,0.232768824697,0.188900577969,0.166148074713,0.0762675388435,0.0624057434427,0.0168507444524,0.257368534916,0.0543817681936,0.0284886763199,0.10473917376,0.203476862673,0.0725095499415,0.0560438714757,0.0288787676941,0.0638479619728,0.0824219479416,0.0365810583539,0.0577584803239,0.334495930143,0.177588543306,0.194878100562,0.112822797659,0.0751527323554,0.317944982265,0.222196228492,0.161329768566,0.0650960426532,0.0464197792829,0.240889839742,0.0521982556419,0.0772442120307,0.20138413066,0.0797389588611,0.849774850531,0.0330390472388,0.0870172970606,0.758564660457,0.0558625054641
"('nk_cell_cd56low_cd16hi_3', 'nk_cell_14')",0.0187467815678,0.00579912112027,0.0138607557338,0.0848323464105,0.0154471981062,0.0386103376737,0.059277037435,0.474595643154,0.00950146031831,0.0304544266105,0.0230907089155,0.0516737186507,0.150820220657,0.0306120650936,0.200346558653,0.0465554857817,0.0206180126528,0.0315421474061,0.00938977324122,0.022174955522,0.0144125756018,0.0594173921261,0.324370115009,0.141171860317,0.0649296095701,0.0340576488018,0.306724680925,0.389130124761,0.132998130133,0.780645376371,0.037828052381,0.702348772227,0.0300165142581,0.0889588040876,0.0426514210556,0.0188799066613,0.847890421787,0.0477592874926,0.0289040908203,0.753896569668,0.0956966704193
"('nk_cell_cd56low_cd16hi_5', 'nk_cell_15')",0.0336385214538,0.014268541797,0.0289291456405,0.0590998438284,0.0351478580996,0.0775535889017,0.186203331426,0.421735834377,0.0265559817617,0.0320986791698,0.064974167869,0.0639230352792,0.667581399457,0.314318163266,0.13308340881,0.0736499121407,0.0482238287402,0.0407125320869,0.0766181379414,0.0320716104381,0.0716319096844,0.0596951800955,0.121501176599,0.57135146124,0.0640410493737,0.149021712864,0.447071525875,0.465918352422,0.53675798486,0.668814443316,0.0474555118596,0.4991323275,0.0322171277103,0.309682863255,0.0461986813486,0.0376483722079,0.854825893648,0.0355021905107,0.101736966981,0.796318316792,0.0132814366551
"('nk_cell_cd56low_cd16hi_5', 'nk_cell_16')",0.014931677445,0.00593959736482,0.0107213097471,0.0190227105701,0.0141475129111,0.0267468436372,0.0999209070748,0.427544528134,0.0113242230537,0.0132675910071,0.0196337146014,0.0272907748627,0.503160568175,0.0806598148501,0.0225634736734,0.0380889400548,0.0191351116185,0.0213460391702,0.0131768261865,0.0198675582378,0.0144282559341,0.026512644986,0.0347988753545,0.328128492384,0.0259343010579,0.0679579330296,0.261208653034,0.370167338381,0.216217036605,0.691391886387,0.0289666950854,0.0974867340076,0.0250905350719,0.0671352577602,0.0106104050783,0.0130504536134,0.851656942436,0.040404921479,0.0331169069706,0.764344590216,0.0089380478684
"('cd4_cd8_t_cell_1', 'nk_cell_17')",0.0164301692872,0.00485058839648,0.0935944879314,0.0658803066788,0.0315058711437,0.152750820758,0.0254731729993,0.0203728318484,0.00672045665612,0.330827660174,0.0140365340784,0.0318323688662,0.0362975938984,0.0600916563125,0.0128111714757,0.0281807234081,0.0169898051821,0.022856119492,0.0143809980572,0.0109018443616,0.0402261773381,0.36551680013,0.255351824448,0.115031132544,0.584249418333,0.0164290636114,0.229547289714,0.191182542246,0.088899024737,0.0348442176178,0.0154352739268,0.0837722136465,0.0235790433308,0.00892958567263,0.0499284156302,0.0288410333982,0.847490738114,0.0662396631662,0.0200308370888,0.718841672706,0.134954945605
"('cd16_monocyte_1', 'nk_cell_18')",0.0725011125754,0.0294640810184,0.0637132354813,0.0483210256364,0.0493385525736,0.0425041641226,0.0669986602717,0.564880604491,0.214919572844,0.0407833349856,0.0641514209306,0.189554079758,0.764467766638,0.0261624490239,0.08271406246,0.106262036569,0.0644584941905,0.0424337599343,0.0228411520066,0.02915063233,0.015073197135,0.0556365047546,0.034567108384,0.0906204713042,0.299513844794,0.268465975693,0.429981334019,0.413391665098,0.108429063079,0.0779683509784,0.0491703308252,0.125287365333,0.480816439456,0.324771089204,0.0435246947458,0.0445395264946,0.874638703685,0.0675799188848,0.393108603719,0.858334966255,0.0211984651549
"('nk_cell_cd56low_cd16hi_5', 'nk_cell_19')",0.0365405804465,0.0131717238425,0.0234478557884,0.0342542737756,0.0250727090791,0.065697661751,0.159053519095,0.385253811333,0.0160259345057,0.0199011487212,0.0399055369719,0.0438227817512,0.617907771396,0.405480517074,0.0490749342884,0.0501975809822,0.0286586457072,0.0285995727123,0.0751697914573,0.027053111294,0.0635893424164,0.0383653378577,0.0953317473221,0.590867539892,0.0358679324915,0.107512356689,0.510703002029,0.450994199373,0.464113761891,0.616908744216,0.035510212036,0.0885788966242,0.0288831450279,0.277075755054,0.0262928982525,0.0264086093246,0.833499604693,0.04918433251,0.0654150814301,0.748718338948,0.0106017759021
"('b_cell_memory_1', 'nk_cell_2')",0.0385632413666,0.0137787021189,0.0465736721796,0.0467653829087,0.163262954587,0.1206627127,0.111885735709,0.0252748456053,0.0155844618341,0.0351350176685,0.0407617370194,0.0289018380641,0.142466635802,0.0175582094439,0.0217938166362,0.293741731586,0.182288993824,0.48408251618,0.01827248507,0.189579323388,0.0392476163906,0.0964304056478,0.0159658244987,0.176569121804,0.0340306561258,0.298476333284,0.206579567515,0.419026324091,0.0673898010427,0.0189348809258,0.0480943252047,0.0439814637782,0.0321418660954,0.0109060121995,0.0552191025993,0.285518885524,0.836425313845,0.053982835534,0.278902528127,0.719663212361,0.0125117488814
"('nk_cell_cd56low_cd16hi_5', 'nk_cell_20')",0.027057419787,0.016587580315,0.0276387294183,0.0391878920044,0.0327947985838,0.0946194936622,0.229949342812,0.370705386011,0.0296081659193,0.0347292282519,0.0711439826386,0.0641183682988,0.722658685898,0.47278231815,0.0888974159872,0.0757366851072,0.0584333575033,0.0398695567133,0.118710160073,0.0310362115856,0.092218085474,0.0614975243673,0.142733539616,0.626261600678,0.0733654386668,0.187593162587,0.399339778001,0.449354335791,0.54689513768,0.625931650435,0.0467270810162,0.158916449958,0.0322735534347,0.374565080819,0.0391882249908,0.0396209378422,0.86362761437,0.027041996224,0.0958058938227,0.820520488403,0.0137349990746
"('ilc_2', 'nk_cell_21')",0.0299688209859,0.0113686357174,0.383044375783,0.0920922552761,0.234683050183,0.0940288748945,0.147053138726,0.0566708146243,0.0125401266221,0.619617633451,0.027181639055,0.0163458130694,0.0445189477293,0.667264563891,0.0230699598457,0.0323657520633,0.0299620042699,0.0551676601949,0.311434089375,0.0152894777968,0.527467251026,0.103119588444,0.068308447981,0.111967499277,0.0557944578213,0.0348616346261,0.44235843405,0.228265140117,0.0804100495262,0.0202675069413,0.029691729635,0.0728191623265,0.0237690782441,0.0177722940505,0.0857452325408,0.0244522643647,0.843717276389,0.0262905021765,0.0704780268704,0.7624171151,0.0134060244918
"('nk_cell_cd56low_cd16hi_3', 'nk_cell_22')",0.0214361282039,0.0119282258197,0.0275343437158,0.0577468138691,0.027072383158,0.0594238405155,0.129042470871,0.314327307012,0.0134692880775,0.0139400259985,0.0383270785133,0.022952812297,0.162036018196,0.225786823132,0.0460538487865,0.0382662297538,0.0130031463496,0.0301924162056,0.0520930000172,0.023169749717,0.050825778779,0.0474656788862,0.0887304930267,0.511136760494,0.0360053851766,0.0568765601811,0.383416340289,0.358410250185,0.378704121977,0.609994613678,0.0267949426239,0.117693764197,0.0272149229817,0.224322568793,0.0322481956758,0.0248931978191,0.843877441036,0.0357764190497,0.0884933377986,0.775418741452,0.00770050660693
"('nk_cell_cd56low_cd16hi_3', 'nk_cell_3')",0.0333437555805,0.0140927049575,0.0275388782026,0.111160756539,0.0365541851598,0.0548849138564,0.143567142236,0.480186147848,0.0210386251835,0.0251341489381,0.0562423963218,0.0524478416503,0.632204053909,0.126702477223,0.0716018064674,0.0657552090214,0.0389845764839,0.0370959703252,0.0403246732883,0.0364800490945,0.0443510026891,0.0527619226513,0.0996577439666,0.498389801403,0.0545478943394,0.138098146473,0.455083961776,0.478495634854,0.509197609479,0.762365753425,0.0442957389241,0.112192479448,0.0410691931337,0.252086083241,0.0538169357889,0.0338867980552,0.853011977939,0.0334098599138,0.134108790557,0.7930009544,0.0164253518075
"('cd14_monocyte_2', 'nk_cell_4')",0.0450491832083,0.0185300642549,0.109255246052,0.0677536100505,0.0470840356639,0.0533103566747,0.46898916319,0.299589787444,0.0181261344739,0.0205531923511,0.292850401649,0.055702992269,0.122336766947,0.0353251116961,0.127842202228,0.0474689404196,0.0181393734671,0.0459646900932,0.0295020768474,0.0291874555219,0.0222879511197,0.0699282883964,0.0241086095574,0.290777128891,0.209914076015,0.115415714553,0.346598426646,0.134501494042,0.0996754433157,0.0704760058675,0.125330355169,0.0756722396906,0.195617203915,0.0605125806728,0.0385786229076,0.0602015653005,0.855316761826,0.0532576426548,0.162626604406,0.810793274853,0.0190533817932
"('nk_cell_cd56low_cd16hi_2', 'nk_cell_5')",0.0267707223946,0.0133336646448,0.0299443861395,0.0876237587104,0.0195469044695,0.0811777107549,0.139126654332,0.117218493127,0.0137953761076,0.0207437783062,0.0399867601248,0.0162852560742,0.127660520042,0.389291106873,0.0448527735366,0.0366397624556,0.012380513165,0.0317684098627,0.093531181241,0.0168598832273,0.0745953521386,0.0731439540213,0.0977965792531,0.570190221212,0.0367542829,0.0403880058157,0.395989661582,0.252014124356,0.342883645959,0.0438680308136,0.0213463172371,0.111515882403,0.0223253873707,0.258775559579,0.059035983692,0.0241222472913,0.842082863214,0.0349264095801,0.100628333939,0.772195261306,0.00734844394349
"('undefined_22', 'nk_cell_6')",0.0563893826597,0.0249818215512,0.0325328467865,0.0346115016611,0.0171071661907,0.154714068338,0.0237366583958,0.0135341230475,0.0280436402606,0.0131295066462,0.038578918374,0.0261764282124,0.0494549457722,0.183869016365,0.0207839939746,0.293550950237,0.0177412279415,0.0505473631927,0.0728666297184,0.0268480641035,0.174675474062,0.517434359572,0.124933698218,0.730004657107,0.0374454369727,0.172800543145,0.254754777251,0.414789974693,0.0544296074629,0.0190029179863,0.0299125308256,0.0553119989367,0.313917052324,0.0450492843069,0.0934886216653,0.0240437566001,0.865204981694,0.0705865709806,0.196965930198,0.804814438892,0.00744956586677
"('nk_cell_cd56low_cd16hi_5', 'nk_cell_7')",0.0289213353632,0.0177078891429,0.0288485927164,0.0396828907414,0.0197835175231,0.125686232869,0.251436239022,0.24907473044,0.0338911743819,0.0333070692486,0.0791522670708,0.05687345754,0.708531077951,0.543144614878,0.0855225975919,0.0751286066526,0.0565264358284,0.0430461036271,0.160103950642,0.0267536533548,0.132525424111,0.0686192203139,0.169672805987,0.680837520711,0.0701983962242,0.161543641453,0.436627072575,0.396003071108,0.513209069464,0.0532773048273,0.0456501287452,0.149298765147,0.0223418079879,0.436022644469,0.052833583064,0.037284062848,0.861921341588,0.0264339642099,0.110304603376,0.820487516441,0.01105876265
"('undefined_12', 'nk_cell_8')",0.0387058621648,0.0764672715578,0.498571249367,0.428944302131,0.552632821689,0.281923868423,0.111469342233,0.142888760451,0.0193768254227,0.0462779213778,0.0900256646323,0.0276071817395,0.186853333838,0.18724085356,0.0706559380935,0.0519200940449,0.0216938270167,0.0721933618398,0.147264976032,0.0751281710069,0.0619151272028,0.0842733559355,0.0913697601801,0.400204900751,0.06456067096,0.165368361275,0.272735984208,0.236176640897,0.300576224076,0.217160415798,0.0794045694327,0.11841407311,0.0816052008157,0.232273631804,0.430372656206,0.251650044853,0.836737122766,0.045794200025,0.133886242238,0.707291627519,0.0382195903208
"('nk_cell_cd56low_cd16hi_5', 'nk_cell_9')",0.032096457256,0.0153203317847,0.0275522940556,0.0445564164457,0.0192767620982,0.0932081073913,0.218359125134,0.247197744391,0.0291835904193,0.0317537478503,0.0675729726612,0.0539752100292,0.613586941668,0.454004512075,0.13242685814,0.0686990192514,0.0449280945477,0.0391015355366,0.11604822318,0.0229865858669,0.10054700037,0.0696146172508,0.13707206189,0.627246693664,0.0646835752202,0.117795104239,0.443024469591,0.379454987158,0.5002610503,0.061915548637,0.0414829815884,0.5098240051,0.0218174510724,0.341396724668,0.0534021291956,0.0342482556088,0.852445188932,0.0376023314339,0.0990663254372,0.793079601717,0.00941828677751
"('pdc_1', 'pdc_1')",0.0895966964256,0.119242299386,0.086553934656,0.593969083117,0.035376924678,0.161696459882,0.0233900842384,0.0162716955772,0.904188853157,0.0204678995697,0.0864241248595,0.349501526223,0.0755409768023,0.0554637122884,0.0385886620837,0.0667554808,0.032444005364,0.039123505988,0.120904665808,0.0297264834647,0.0650002551817,0.0677431579901,0.0944126137131,0.593209242215,0.667736486212,0.059903551856,0.425235487468,0.445815468248,0.147748794325,0.0177053510363,0.0837734599758,0.133082410302,0.0798383538198,0.0229623192057,0.557913044236,0.0264408621391,0.900743521677,0.0498115866237,0.685565132771,0.90473601802,0.124311268655
"('pdc_3', 'pdc_2')",0.1175292293,0.753774773721,0.118166202183,0.612633243089,0.054977261789,0.107326876577,0.0527386572991,0.274211124118,0.856046853653,0.0191100527945,0.124537616922,0.513693658549,0.0705502122387,0.0716098549577,0.521917023473,0.0668116103813,0.0387826235939,0.0404255107016,0.136488500159,0.0251916257071,0.0819801761021,0.0745603440223,0.140828106464,0.63394654573,0.55420607242,0.117400056228,0.41567526239,0.343744935151,0.256581517376,0.0395025307574,0.0797998075929,0.111542447822,0.346990103188,0.0738701091768,0.494655065751,0.0787826088297,0.872979980028,0.0616372841573,0.743890470963,0.86258847054,0.095241488957
"('pdc_1', 'pdc_3')",0.163611438025,0.111016934403,0.0736701783981,0.487830844969,0.0270394217044,0.152507675085,0.0246638285613,0.0176287283365,0.900306916383,0.0152999004555,0.0512444126096,0.22756246726,0.0430816219185,0.0445390761495,0.0245057958249,0.0492505882663,0.0248597987866,0.0274682946172,0.0899657369218,0.0239714576102,0.0498078478648,0.0465588339856,0.088286961549,0.563112073468,0.682105674099,0.0648126769051,0.492700239192,0.46112077988,0.103242197635,0.0168628793481,0.0600274271032,0.105881710826,0.0733208407959,0.0156479915857,0.544890270926,0.0198931072656,0.865784862331,0.14620696154,0.689985359368,0.847105425232,0.103326411048
"('pdc_1', 'pdc_4')",0.0805244523498,0.0979980152265,0.0736638065952,0.563256845296,0.0271350984724,0.139754715119,0.0206924952081,0.0154062946652,0.887617470613,0.0172964243183,0.0700873384604,0.161092863055,0.0585017296006,0.0459409774629,0.0278407007095,0.052851211248,0.0292214100112,0.0382079223944,0.107020834916,0.0258659265461,0.0501560001098,0.0630717746325,0.0675879860107,0.550422771579,0.631358083238,0.0481242535491,0.387791728122,0.399338211727,0.114884529205,0.0170927396171,0.0766956198999,0.111590327381,0.0625704980141,0.0211864296322,0.504775414444,0.0213316828991,0.892557104034,0.0425824503172,0.662203815075,0.891096973726,0.109396296174
"('undefined_19', 'pdc_5')",0.0893455879603,0.120491830895,0.0948361764129,0.559695565066,0.03875364807,0.213509527794,0.0249253518504,0.0180726243413,0.896585562479,0.0470017149852,0.0828191491436,0.182778707605,0.0735034823489,0.0676044505884,0.0425266057469,0.0774592025369,0.0360110218862,0.0500528034994,0.124943857335,0.0305900793151,0.0755500153525,0.121787458547,0.213286649364,0.58904779888,0.675851027612,0.061659187215,0.437545743595,0.440690113658,0.143778205533,0.0199873533775,0.0865060643486,0.181478644632,0.0857753807671,0.0273419769208,0.551978738284,0.0273443364055,0.899798883876,0.0558930534839,0.681590156075,0.898129505976,0.125017257514
"('pdc_1', 'pdc_6')",0.112280523296,0.148420314694,0.0973169540165,0.51102556798,0.0343628063233,0.191475358497,0.025706893977,0.0187057481537,0.916789902767,0.0199637060618,0.0799262991785,0.246953890662,0.0704237379129,0.061209466491,0.041825657952,0.0714198353833,0.0342497216252,0.0439371036768,0.128467594078,0.0345054425132,0.0696952463417,0.0637872559906,0.113774380678,0.595797512543,0.70451780648,0.373130133273,0.471978916927,0.49610220525,0.14999764582,0.0197532268169,0.0833458449464,0.149789764379,0.111550212925,0.0248392382354,0.594702652998,0.0406663486958,0.904990901487,0.092139178889,0.728042493655,0.911683846772,0.121052681764
"('pdc_1', 'pdc_7')",0.0831681605808,0.0878463850935,0.0602049477463,0.371012733327,0.0209860438401,0.112470805157,0.0215771749804,0.0239889963135,0.857049955919,0.0150938562396,0.0445972749369,0.159929787946,0.0495993977528,0.0361842496227,0.0240719806094,0.0493317893694,0.0195630072989,0.0292395398965,0.073505402322,0.0215461402956,0.0354133732322,0.0498636956267,0.0642618068421,0.480282290094,0.610018046564,0.0653680688733,0.373708452138,0.37407406669,0.0868264041966,0.0167884247806,0.0619810154472,0.0869305522881,0.0625871000045,0.0182045001594,0.424707258915,0.0190501185644,0.880610501729,0.0820751872375,0.646015088074,0.866534653833,0.0957308254572
"('cd16_monocyte_1', 'pdc_8')",0.0854987066421,0.17610571965,0.117173120048,0.19132031263,0.0581196792302,0.0756204933008,0.18645292632,0.595474935261,0.675708723384,0.0199959865469,0.237259691865,0.252742464169,0.421011533539,0.0412246462997,0.302308889386,0.124771363592,0.0427384857883,0.0545181016271,0.0915054508389,0.038325636192,0.0293211522727,0.086350520612,0.142640066527,0.256854490245,0.467427591197,0.428136484763,0.534899799649,0.434406757358,0.136186812066,0.088897958866,0.0805147089249,0.117664081901,0.621459521311,0.38282898997,0.109307854877,0.110932781836,0.895242991137,0.0813382267821,0.705554265643,0.890059138213,0.0599505762635
"('cd4_cd8_t_cell_1', 't_cell_1')",0.0363569518761,0.0153872010469,0.048154322218,0.116530646337,0.0339802411074,0.225957512283,0.0788701607446,0.031701699006,0.0239694684363,0.366832596105,0.0538437994316,0.0611862297271,0.0966056187798,0.0691379612923,0.26637523501,0.0739651144282,0.0442945395019,0.0668548786781,0.0548932514372,0.0180067411665,0.0805091485124,0.594636899295,0.633226417117,0.163456242479,0.0945599304939,0.0279868767574,0.469214997817,0.274738334037,0.0632702527209,0.0328421625204,0.0430865604375,0.778645579416,0.0321495036209,0.0754347628939,0.436675534757,0.0256011243651,0.848845550094,0.0381183258013,0.118096243475,0.77185324653,0.123919282049
"('cd4_t_cell_cm_1', 't_cell_10')",0.0532800112407,0.0185883935303,0.148043546338,0.299805826431,0.156607223657,0.360550795913,0.0364413488285,0.0229602146403,0.0191072515978,0.552179997106,0.0418700588858,0.0707110706296,0.0541482012564,0.302715210609,0.0284080312602,0.0495890322921,0.0365926859728,0.0469309391924,0.108711915327,0.0127008840939,0.18388177174,0.507592643918,0.717570436938,0.205621575238,0.781350314871,0.0312897479576,0.503936965778,0.104637523211,0.135209451321,0.0459232848138,0.0275076212426,0.189350374323,0.0306855806564,0.0999450333937,0.37508491636,0.0772786279187,0.858185803517,0.0324410009585,0.0990967093891,0.793048312857,0.192002756243
"('nkt_cell_5', 't_cell_11')",0.0516305242357,0.0633083181112,0.420222895636,0.44599188253,0.510936413211,0.472362626903,0.0854434776827,0.0605256170645,0.0278468286822,0.286802825123,0.100457309128,0.050714493584,0.0689642179142,0.132994179516,0.0948906518424,0.0580046354133,0.0310800566414,0.0711231840856,0.120559345056,0.0641815333368,0.127735220911,0.427252954166,0.660121561832,0.267995715179,0.41527619615,0.138267422549,0.381237772795,0.206928332212,0.184944283236,0.0640218471984,0.0730134382986,0.270816158873,0.0846790515257,0.176632717827,0.400373572237,0.178686782736,0.846245837431,0.0458953437053,0.137451752492,0.699704693596,0.0774212770074
"('cd8_t_cell_naive_1', 't_cell_12')",0.0295626593086,0.0132294399215,0.0235427267283,0.0292133740179,0.0213250502587,0.650523546236,0.0221150480658,0.0118444204944,0.0253681574017,0.448794773624,0.061415197582,0.0693810166739,0.0937619188537,0.0533944493166,0.257247652281,0.0744864028428,0.0462186309265,0.0463993949601,0.0268712330578,0.0264250007515,0.0855964920322,0.692006168082,0.685742774591,0.282841683184,0.0867383028426,0.0252336813493,0.432608658183,0.445571775524,0.0621343643438,0.0144644458855,0.0485178906941,0.779439780217,0.0229543036884,0.0532272897185,0.234477028726,0.0191579191191,0.845423630279,0.0395363331833,0.0695536438083,0.754272711277,0.018946582659
"('undefined_10', 't_cell_13')",0.11664199045,0.0670338108964,0.16952092482,0.215407764123,0.12850139102,0.490975433198,0.46976551622,0.378746109423,0.128236938469,0.323253609769,0.481884415215,0.139741309862,0.156290975052,0.13204726235,0.262181913528,0.130448473201,0.0748322198257,0.152390147224,0.0882475890202,0.0727169931707,0.144201158085,0.539115238782,0.647022914882,0.494021748337,0.564348572152,0.217029436255,0.617171898105,0.352145692695,0.16206267944,0.110011142546,0.0808555399894,0.331330263821,0.354972971532,0.218046745507,0.15590497709,0.142228020738,0.911817075951,0.0719996441346,0.447463960513,0.853360617918,0.0592179884647
"('cd4_cd8_t_cell_1', 't_cell_14')",0.0573348770679,0.0228906127583,0.0939732513662,0.0997392289253,0.0528302536249,0.721372896879,0.0713273300277,0.148562477973,0.0371943652257,0.540201888029,0.0869510755117,0.107922010968,0.228383838045,0.185300786567,0.214449297848,0.091157134201,0.0612726460369,0.0631190007467,0.0689478211104,0.0413290814572,0.215592465934,0.746926496554,0.796628791297,0.490760731262,0.702165907357,0.0601568995398,0.621220061788,0.505482680004,0.241960773595,0.226147558259,0.0655921847049,0.630400401215,0.0400928819045,0.20251419946,0.218117137392,0.0565213344982,0.933425348993,0.0877595564368,0.120137188351,0.831492960257,0.0752767556919
"('cd4_t_cell_cm_1', 't_cell_15')",0.0498719209849,0.019855473299,0.494758749243,0.278529607078,0.141029926777,0.192374939988,0.0422324896232,0.0214175282441,0.020631461596,0.601314960408,0.0373103268901,0.0676825792067,0.052252426466,0.203473880444,0.0236052056096,0.0488292644056,0.0377372304642,0.0529761487993,0.0629073620312,0.0105103938452,0.343327713609,0.118271702293,0.67357308051,0.102679889175,0.790077282647,0.0358514107188,0.517231987108,0.0796681988301,0.122371573878,0.044638984333,0.0269569989193,0.178026226638,0.0304045284958,0.0687848990905,0.104901858248,0.0204480016849,0.853709213169,0.0367427803032,0.127071953589,0.797772314865,0.204405154356
"('cd4_t_cell_naive_1', 't_cell_16')",0.0297288303141,0.0127264345376,0.0273469905175,0.0266716925968,0.0208349842229,0.713180356078,0.0230049242132,0.0121858739521,0.0123934912179,0.544269335515,0.0337675367995,0.0591529519218,0.0400814270972,0.0564271364184,0.0174879611265,0.0425556610692,0.0307160505193,0.0289916988903,0.0199900239693,0.020282084131,0.126172211279,0.726165711978,0.752060121634,0.398787825682,0.73726833557,0.0245970858597,0.496503408047,0.382684783636,0.0889276521058,0.0141008504462,0.0273826665635,0.107357308692,0.0222139078445,0.0697787094997,0.0227260217853,0.0181194817115,0.819226532794,0.0717705875017,0.0391430280882,0.683026416285,0.0207494225639
"('cd4_cd8_t_cell_1', 't_cell_17')",0.0363415670712,0.0168259481268,0.0372720552048,0.268552493351,0.0399445326195,0.161766746883,0.0751599108933,0.328140916678,0.0173122584121,0.204718904092,0.0389754372196,0.0551816035187,0.0556020162992,0.146175593046,0.0287235670054,0.0452458083464,0.0210306710678,0.0421544288265,0.0432654712173,0.0151759606495,0.0846130750041,0.102438238306,0.70793919717,0.228286884549,0.709823562383,0.0567749494619,0.490662287275,0.171345052034,0.112625942698,0.674893546153,0.031344264617,0.183008871713,0.0448627299554,0.274065249469,0.105630419415,0.0238467703163,0.84586576788,0.0312707226061,0.129026768593,0.775023962612,0.318444178179
"('cd4_t_cell_cm_1', 't_cell_18')",0.0418218538177,0.0191462699775,0.480948901156,0.137421706397,0.127887423746,0.352262391426,0.0286920778484,0.0146396654535,0.0177712424466,0.493967618799,0.0373122938257,0.0651042617138,0.0487075450184,0.158503176494,0.0231992370917,0.0472345836834,0.0327014682524,0.0434393815681,0.0467949992139,0.0108951806579,0.285244238886,0.527961096987,0.700333320982,0.152827015915,0.780020680517,0.030333348663,0.491748614222,0.0845776748971,0.116688212627,0.0247963651587,0.0244714330012,0.164321789203,0.0269091152155,0.0658874483663,0.135471272301,0.0438752300424,0.850485252193,0.0364444419435,0.114587303083,0.781645960475,0.161329950699
"('cd4_t_cell_naive_1', 't_cell_19')",0.0143986838647,0.00680474072192,0.0212865569039,0.0152964574735,0.0142339683864,0.437131646915,0.0195840312521,0.0104143029205,0.00864067245061,0.374858409813,0.0183792922725,0.0411943213088,0.027681897182,0.0310471917563,0.0126046062074,0.0328526069749,0.019552212072,0.0215658738377,0.0098657340954,0.0150034107873,0.0587987238653,0.551333186096,0.579974513835,0.225712812847,0.671409550625,0.0168470141642,0.314496799631,0.277749190236,0.0686292529026,0.0125986369075,0.0174824415044,0.0817328414754,0.0168383454351,0.0260736888347,0.018308009171,0.0201663414342,0.836106313397,0.0595424941102,0.0260678545502,0.693043270705,0.0280309977244
"('cd4_neg_cd8_neg_t_cell_2', 't_cell_2')",0.061154012926,0.0284062344828,0.0675071502336,0.421365364401,0.0256176962365,0.219679432787,0.0347654008446,0.0229765853052,0.0297912023629,0.124846464117,0.0687709889555,0.0640043904483,0.110101808471,0.110494929702,0.282930970076,0.09354119128,0.0422205462508,0.0606244609706,0.0843011054719,0.0171444040401,0.119466554683,0.599918681443,0.668404415168,0.565799535321,0.135240762731,0.0321047000074,0.528431701058,0.202115662799,0.055825969919,0.0348564000401,0.0445336562547,0.793721444708,0.202898428114,0.163136602966,0.448692718711,0.0253758831557,0.862042467276,0.0504877457407,0.310423621704,0.807171728262,0.301918263553
"('cd4_cd8_t_cell_1', 't_cell_20')",0.0349868480533,0.0160151209074,0.0363641853825,0.0608130212999,0.0269196560827,0.41743695819,0.0343236673599,0.0241049892922,0.0177415390819,0.326090831293,0.0496934026679,0.027131604657,0.041632107314,0.0952483200426,0.0244276567162,0.0425851991902,0.0238582929878,0.0356636341028,0.0462659799633,0.0253958188691,0.0993888183702,0.712332554692,0.669753178629,0.296406186824,0.058999377522,0.0279020047281,0.44815331062,0.387669006772,0.0550934030002,0.0473258269293,0.0305883538811,0.105772344707,0.0236965831971,0.060702164393,0.319205266116,0.0407664331961,0.844181012604,0.0342479346594,0.108638826104,0.755618473177,0.0976273257628
"('cd4_neg_cd8_neg_t_cell_3', 't_cell_21')",0.0494544550606,0.0190340212226,0.0344162525362,0.381885954436,0.0694552238637,0.265366673587,0.114937746723,0.101682459708,0.0129289481174,0.303897202286,0.0414877353404,0.0144606388241,0.097606899521,0.46636916255,0.0301258480544,0.0352639176178,0.0194790029857,0.0395843078114,0.129310782684,0.0153140654551,0.150256437842,0.38821502606,0.811578385361,0.217681084667,0.0420486627978,0.0422195255107,0.505553725761,0.158784782164,0.0957056185927,0.201952323153,0.0218914153848,0.130164416376,0.0248575889379,0.250862121566,0.228879098782,0.0219912109727,0.844284372041,0.0346530543368,0.0986190099205,0.767675121257,0.091990539959
"('cd4_t_cell_naive_1', 't_cell_22')",0.024937819083,0.0159597836072,0.0355495642182,0.0285765211357,0.0222141608218,0.693015053605,0.0206842703736,0.0109946285097,0.0195236552572,0.425242028604,0.0491168427379,0.0654010056084,0.0499822611517,0.068235377574,0.0207811757679,0.0513899547095,0.0294765514453,0.0347538607749,0.0242944327169,0.0190546727401,0.147646446653,0.682311306041,0.761895636799,0.425843051417,0.739767260601,0.0276558123467,0.405598946746,0.308354332339,0.119301727773,0.0138331190208,0.0298858576197,0.137451370881,0.022506113011,0.0907995278435,0.0275781767252,0.0194946618024,0.842068666938,0.0265192478194,0.0594103618116,0.745148841629,0.0216036400997
"('cd4_neg_cd8_neg_t_cell_2', 't_cell_23')",0.0534057326107,0.0250243824659,0.0335865947385,0.16232036647,0.0217443743523,0.450512010588,0.0234363790842,0.0478838284117,0.0253979686889,0.0566151603035,0.0718886918797,0.0422210232475,0.0575706715645,0.139342197318,0.0443816220405,0.0563032222126,0.0217515101542,0.0343260652521,0.0609977181141,0.0358283974446,0.182331074801,0.77317819176,0.708138161183,0.682990568257,0.119726103913,0.035137010118,0.483801986577,0.500556628941,0.0893206568486,0.158850145876,0.046205218485,0.212633636219,0.028978117036,0.0922694762545,0.154177034599,0.0425664231788,0.851517499264,0.0595815550963,0.234304168512,0.790301293183,0.089198903103
"('cd4_t_cell_cm_1', 't_cell_24')",0.0341311143741,0.0247580163156,0.592907140081,0.0833348590577,0.0630424688137,0.351070125703,0.057785401911,0.0221353678057,0.020271650325,0.444563133456,0.0493763817254,0.0636406636339,0.0973231957053,0.0909387965496,0.250734326671,0.0717110563266,0.0436590371861,0.0563660038284,0.0317245450884,0.015108307171,0.248819400248,0.567945250871,0.68748798192,0.146027985839,0.177992887312,0.0588996216093,0.493434126393,0.161814467718,0.0537158076306,0.0308568412177,0.0428772791448,0.755189712564,0.029235796757,0.0664858311056,0.0773622550271,0.0295375559071,0.871173906384,0.0331091588875,0.128321785462,0.822396988921,0.105123324053
"('undefined_22', 't_cell_25')",0.0930179471515,0.0513421690719,0.0639395117973,0.0748041135093,0.0362643392446,0.366473052843,0.0516777104059,0.0358104086775,0.108364958387,0.0437982612981,0.113081140736,0.0476579278787,0.0935106347764,0.349179998497,0.0634065596198,0.351720507271,0.036921768953,0.0610719689468,0.172661390713,0.039928263042,0.354752804369,0.660404376332,0.409223508079,0.862972085565,0.12296707025,0.293075707316,0.428184603639,0.487792080327,0.114839220807,0.0314638887964,0.0623490032702,0.150410956203,0.458839307832,0.148227615674,0.203021834687,0.0441309855885,0.876616809435,0.0667214520525,0.419224288428,0.837575381083,0.0136615009161
"('cd4_t_cell_treg_1', 't_cell_26')",0.0263447188193,0.0149393243142,0.0984528715493,0.0506038015693,0.031464264591,0.527865330936,0.0213027347345,0.0106383320688,0.0158936073117,0.155657802446,0.0429658299083,0.0555618698032,0.0422989648548,0.0599202971438,0.0198183425628,0.0442062206506,0.0196063910058,0.0332153423574,0.0202748734145,0.0159505286288,0.500470653992,0.686206647049,0.718382656868,0.269065825235,0.712620412098,0.0281909766024,0.452792350186,0.254370513664,0.103554737095,0.013655206071,0.0222139410506,0.126871932543,0.0206645992694,0.0676095557494,0.0407797609635,0.0583941297126,0.838397848966,0.0304340374034,0.0731817381864,0.731030341442,0.0567826402563
"('cd4_t_cell_naive_1', 't_cell_3')",0.0304180288991,0.514736787591,0.0442337563675,0.0411063388156,0.33937727368,0.708824699711,0.0231195817997,0.0108567209103,0.320554865532,0.478087556062,0.0482567333902,0.0626531961158,0.0493953751343,0.0634436676367,0.0209585950247,0.0921637904806,0.0332010527948,0.0312986999841,0.0245685967647,0.020263190609,0.152608566933,0.70681054408,0.76131494525,0.403789181659,0.742282123544,0.0284368533384,0.446801749733,0.341339903094,0.121473532019,0.0136731925516,0.0337165105435,0.134563805486,0.0232728510975,0.0796373704005,0.0236695730747,0.0229299594108,0.835928991374,0.0442311671596,0.0513778076395,0.728631529794,0.4089959774
"('cd4_t_cell_cm_3', 't_cell_4')",0.0639217833534,0.0303502357518,0.170478420313,0.341910914784,0.0392911094661,0.398134685198,0.028454142334,0.0227306398602,0.0319484017129,0.164754427851,0.0524206057117,0.077638985583,0.0573812182192,0.160054505076,0.0304685456248,0.0589908986674,0.0273945656189,0.0463308072283,0.091698637495,0.0149373797765,0.271093457801,0.574714694091,0.729717046335,0.614810551137,0.807816787608,0.0367992767763,0.538141261693,0.107518505371,0.139364361899,0.0470649525388,0.0270558808333,0.192210281968,0.186852742538,0.1351152974,0.376746256454,0.0443657983481,0.860445409714,0.0476531174249,0.227126638618,0.800172529321,0.444093506946
"('nkt_cell_9', 't_cell_5')",0.082044308516,0.0171411412672,0.0482646507234,0.651332168457,0.29097560914,0.187003220459,0.0562195421115,0.0227172261772,0.01438082285,0.542611722314,0.0472377460063,0.0211234121757,0.060588020968,0.694594682107,0.0860714095826,0.0400909146041,0.0311252314431,0.0474342137809,0.277705274911,0.0156050414101,0.0957295834728,0.446821640206,0.706039189848,0.127198005148,0.0585187093969,0.0349372888077,0.519135269542,0.104814125342,0.128609856883,0.0403048083973,0.0274713483174,0.382777751558,0.0258540283231,0.105681231802,0.183794863959,0.0265841139816,0.848685791021,0.0280644127116,0.0823560355359,0.774421062648,0.0892743683316
"('nk_cell_cd56low_cd16hi_3', 't_cell_6')",0.0330259272603,0.0181694675501,0.0288632050732,0.115938281605,0.0341071410993,0.229364862948,0.102876920899,0.370832465224,0.0221454692206,0.0238550298028,0.0656877760526,0.0359565395936,0.1808777069,0.128144246103,0.0440046940531,0.0482841834246,0.0198389660805,0.0363564414138,0.0425669463285,0.0354078955955,0.133434145463,0.0708781316128,0.770868155123,0.366650579779,0.0543774854127,0.0613553803143,0.495525410739,0.45576841629,0.188524470077,0.663081495512,0.0466008225984,0.150358915676,0.0372447888632,0.308457094083,0.0752821248356,0.0231183305569,0.845692148316,0.0348364453129,0.138586595221,0.775140355401,0.0861818779447
"('cd8_t_cell_cm_1', 't_cell_7')",0.0327629686548,0.0164854306793,0.0335914246724,0.179286335652,0.0343018939824,0.15186377366,0.0690601576483,0.308809074436,0.0242962071686,0.0678199321368,0.0610824776975,0.064715341524,0.122856007712,0.0795475824008,0.258971977219,0.0759684610267,0.0378177504926,0.0561500072229,0.0333900170605,0.0241590015621,0.0804628427119,0.193549117927,0.702876424176,0.293711312209,0.095027623633,0.0523811754093,0.476485798344,0.33994302851,0.102628690913,0.621768826613,0.0493216884791,0.760532496477,0.0422023047671,0.269717296436,0.126760287507,0.0240809010074,0.847616182858,0.0305999253164,0.137130509908,0.779962967509,0.123655613533
"('cd4_t_cell_cm_2', 't_cell_8')",0.0319882894199,0.0160130660849,0.190677978527,0.038518627897,0.0994186869025,0.526249574671,0.0233853426196,0.0128276281331,0.016177366505,0.4499949311,0.0366533445353,0.0633362247811,0.0461552863845,0.22407454607,0.0310780176025,0.0464320729706,0.0283429399645,0.0403334601523,0.0524010772752,0.0111794114267,0.152764915681,0.658522648351,0.718498500795,0.242456777045,0.771572971867,0.0373395876013,0.50764077725,0.0937506390456,0.114696164735,0.0187617600263,0.0221630411828,0.154133285468,0.0250869234094,0.0694249075865,0.178070971784,0.404959436161,0.846567888894,0.0336879491643,0.071745114793,0.76440933279,0.186939392612
"('cd4_t_cell_cm_1', 't_cell_9')",0.0391817047992,0.0159881762149,0.347224610292,0.0421219721178,0.425752114927,0.375869359463,0.0497738411545,0.0164823380605,0.0155125950126,0.741895392135,0.0393350392884,0.0184173427296,0.047588670981,0.639042626892,0.0329491039793,0.0371026251298,0.0431124276152,0.0420976533495,0.210944350939,0.0162597695267,0.284971945741,0.694212599932,0.698598797851,0.0828296815763,0.0485808988546,0.0258262808775,0.498354736916,0.235880384688,0.0304600092168,0.0165036206794,0.0354125862394,0.130401228616,0.0263708618447,0.0646669406065,0.102211306426,0.0183695926615,0.855524020911,0.0399601635162,0.0713166662641,0.786806655623,0.041642860359
