"","SampleID","Treatment","MetaHybridLouvain","N","Freq","CCR4","CCR5","CCR6","CCR7","CD11b","CD11c","CD123","CD127","CD14","CD141","CD16","CD161","CD19","CD1c","CD20","CD209","CD25","CD27","CD3","CD38","CD4","CD40","CD45RA","CD54","CD56","CD57","CD66b","CD8","CD80","CD86","CHIKV","CX3CR1","CXCR3","CXCR5","DNA","HLADR","PD1"
"1","1758_dna","Acute","nk_cell_cd56hi_cd16low_NA",376,0.00652098508498092,0.191427477481914,0.0818400604452284,0.0582797191665612,0.129076830945139,0.257344271312208,0.608896155503763,0.0652206108474005,0.12481298718125,0.102205086072302,0.0497073811636596,0.118264728831625,0.231308175500759,0.0368239867707978,0.0198168283283982,0.0533752944348888,0.0405187386300322,0.150938464210903,0.106693236125543,0.119561563662742,0.576696234865975,0.0311263527268512,0.173583343705639,0.422848264750542,0.403890033466004,0.82783210437826,0.0804514154167678,0.0434276162337409,0.0239462586130576,0.334159256161341,0.013444072715398,0.0218461154149773,0.036611992566539,0.10051126757906,0.024523465732972,0.835962583949206,0.130954823867927,0.0451003137010359
"2","1758_dna","Conv","nk_cell_cd56hi_cd16low_NA",2177,0.010162212626911,0.186411792628694,0.0879243115781292,0.0750248132382764,0.116021278746044,0.292211026203805,0.635127237410054,0.0556927196443455,0.126836551694281,0.102702064569052,0.05640972120566,0.147825025276484,0.270089984094038,0.045594317465626,0.0270509449803063,0.0484592319814896,0.0439486780571485,0.127547382953679,0.146859674192267,0.0980772093259528,0.528686031271089,0.0310655457786666,0.168211892585209,0.455290614257058,0.405559921740189,0.847718742374516,0.127325205886505,0.0483708641253495,0.0255581350026666,0.333924431136237,0.0171299011148866,0.0215433069747096,0.0391368840905912,0.229459907599931,0.0188691751958575,0.834407317222716,0.135334294964608,0.0495197299159736
"3","1760_dna","Acute","nk_cell_cd56hi_cd16low_NA",1054,0.011730792774544,0.138174758013463,0.19656657147524,0.0781588025095789,0.208128485683933,0.420563498981773,0.667881270489624,0.0404896193395242,0.0709347064902223,0.088935512039074,0.033621498837814,0.179064731381089,0.307366209183326,0.0363765367545799,0.0261247372448624,0.0741874992574247,0.0605703085113087,0.180989562740301,0.200518969070991,0.135457214646106,0.616813024770758,0.0291547848890927,0.174032647679553,0.309418936482624,0.345443230526951,0.80006267093347,0.0894548169580196,0.0579234088777863,0.0238051823548776,0.408521734451138,0.0146427177882414,0.0211633914768964,0.0465540208355764,0.0865348040286995,0.0249904943643933,0.849694825875565,0.163515818659315,0.0706038738067529
"4","1760_dna","Conv","nk_cell_cd56hi_cd16low_NA",2245,0.012278964957092,0.121049370137757,0.164622638238633,0.0569540026163188,0.173843510414733,0.392340718116833,0.665895050641532,0.0331389153861113,0.120951127424732,0.0857303268163021,0.0429224091926891,0.293593405100093,0.362968346737042,0.0436735267274109,0.0336309287083436,0.0590838190808336,0.0641882092745308,0.173854919680548,0.247853439298446,0.118250250968418,0.560946534144982,0.0368125329441328,0.15039557429805,0.312224893436338,0.369864980946059,0.80179076178569,0.133333896308271,0.0526743702251869,0.0389656812110718,0.421584614761233,0.0187804264072105,0.0228363340702455,0.057210108463299,0.23163622388375,0.022457157066572,0.838767375469443,0.161866550943046,0.0686058442436727
"5","1773_dna","Acute","nk_cell_cd56hi_cd16low_NA",350,0.00693604962248073,0.137630848154984,0.128400893283513,0.0441723223519431,0.197674679122761,0.368431877025657,0.647539939727829,0.0691331154117276,0.161063242267713,0.0850524895715166,0.0313378108435283,0.133604815503609,0.319272699897399,0.0317941210161279,0.0186670070845084,0.0479675998653923,0.0505026017675997,0.232681388490266,0.113495285230493,0.161220100423639,0.628332500623574,0.0240958878711916,0.115656876580927,0.30391694862158,0.450354934738147,0.786603778255972,0.0869745024706707,0.0289412604471459,0.0198534572605048,0.35110820838928,0.0167572705270439,0.0243031627977098,0.0677012714748069,0.17415760120475,0.0147474523757407,0.848653463520615,0.15932442105953,0.0548746301107061
"6","1773_dna","Conv","nk_cell_cd56hi_cd16low_NA",1971,0.00902675050721087,0.136572812426718,0.149090453268579,0.0375941660009125,0.148992992877614,0.373692541040991,0.662508453621723,0.0463032702012015,0.112817557689932,0.0981748680414838,0.0330842823845757,0.1696435600494,0.412397858992278,0.0357381592702584,0.0255010136936843,0.0303252090337707,0.0724239431077794,0.186465566911158,0.12280398600824,0.131859873587116,0.584675192989694,0.0292833780540557,0.123055399598027,0.334578937722072,0.4536133653043,0.836152667968155,0.141469088654113,0.0424086914546088,0.0278340483978771,0.438946752869703,0.0172771467194093,0.0204482250853056,0.0482312184313718,0.244812772311235,0.0132182877766279,0.836001202661854,0.132055822270303,0.0632727119400872
"7","1785_dna","Acute","nk_cell_cd56hi_cd16low_NA",445,0.00485844988154117,0.120298181481013,0.0831231137906888,0.0426071164753441,0.143178573815453,0.360957544949405,0.704826534665099,0.0546914824428752,0.083649065001359,0.0895589841222949,0.0317903400685959,0.122146180147056,0.285120497566234,0.027795039906952,0.0187487518644069,0.0434217756255996,0.0546131390291615,0.204687367998291,0.160706908261035,0.146875843295966,0.616700232481544,0.024934689984016,0.12094165200137,0.293120932930587,0.467654325341526,0.822994462235881,0.0788587835613056,0.0303696295999817,0.0258826341742384,0.417811835876595,0.0189752424474378,0.0237996406080114,0.0451424702659658,0.137968580559277,0.0180740503809964,0.841677900091511,0.10287904899417,0.0744474829973842
"8","1785_dna","Conv","nk_cell_cd56hi_cd16low_NA",1799,0.00758038622468113,0.115248217192699,0.116083941011219,0.0370582588148471,0.149341818283693,0.375133329593565,0.695762195898013,0.0262627751377932,0.130525863803042,0.0806829465377983,0.0250755189441903,0.124868964770372,0.366683973435613,0.0281278071618445,0.0160793059749255,0.0460837485025206,0.0650271263565692,0.157266744407702,0.213096442678021,0.123290968929519,0.573232667677231,0.0298219753300014,0.112400079578437,0.270901272274174,0.413114919272706,0.841217492412635,0.120592633789443,0.0275261955668635,0.0444214154482549,0.443417617541721,0.0199995058977702,0.025067709012028,0.0382023815679599,0.292391793445751,0.0172982678804695,0.839635977929828,0.0931784969778215,0.0722452157469861
"9","1790_dna","Acute","nk_cell_cd56hi_cd16low_NA",676,0.00453374825625067,0.106282871720201,0.121026468357241,0.0351851750415706,0.175405938893008,0.359544848136247,0.607565646418459,0.0753636109564255,0.0990972376159429,0.0887848733372255,0.0292256106713416,0.105233478802618,0.303918414764133,0.0301189417390445,0.0208877321522678,0.0439000304731596,0.05761996349508,0.237669920595245,0.175003516021763,0.167463592879832,0.648281756605363,0.0203651363746555,0.106021864471657,0.328159448308929,0.433625702023714,0.809177263753328,0.108821878924222,0.0309682228993002,0.0278987864748301,0.406732459911329,0.0223321260062303,0.024379587638945,0.0537112115923173,0.0673625899117827,0.0136077026969459,0.784751711103387,0.158405528155261,0.0519512356105525
"10","1790_dna","Conv","nk_cell_cd56hi_cd16low_NA",1147,0.00463679765855867,0.111205990012544,0.135382124994171,0.031553917255672,0.151264631411883,0.354842756427829,0.607469483591884,0.0372047248729124,0.160231151452926,0.0756482187786078,0.0274774666554601,0.118354891133667,0.369472860733305,0.0317413957697205,0.0205629636801877,0.0429084739077135,0.0694620108124678,0.21527054780083,0.236937589985885,0.137833638547694,0.584035519155088,0.0268495630793041,0.0936678925237157,0.305829772366601,0.414408510995933,0.82570283096413,0.156134157605227,0.0375307363670915,0.0333744138897765,0.43014657393924,0.0176926497817103,0.0221677739348341,0.0608542993489853,0.337860773355237,0.0121910819772064,0.779268889952308,0.143249725929965,0.0514884288767595
"11","1793_dna","Acute","nk_cell_cd56hi_cd16low_NA",351,0.00385608349354573,0.112092974165717,0.129167123560694,0.0529815953728679,0.188905155404749,0.302247160017407,0.637296849838159,0.0551052547722865,0.168807882646112,0.090244919864922,0.0312686246831517,0.249666268338576,0.23422557223692,0.0330586968954348,0.0225618112988882,0.0522441844234963,0.0520495911793157,0.226835773598672,0.168547085142783,0.160545414176848,0.622221991400372,0.0298361903115613,0.128841598595898,0.333283413939805,0.431613752839565,0.838428565803177,0.0924430598547374,0.0219868666172456,0.0485132146410009,0.464539043667914,0.0185162644922726,0.0194796244121649,0.0517332901293154,0.185273195281956,0.0165226038934524,0.832453590091549,0.151769394390154,0.0516486757463654
"12","1793_dna","Conv","nk_cell_cd56hi_cd16low_NA",1774,0.00608822782464257,0.118421373960013,0.182538432621377,0.0509974197886325,0.179599860503661,0.322753728543859,0.635858727744421,0.0327477148848215,0.229326808282741,0.0889745078152544,0.0380104574263711,0.269500672125027,0.280565666376014,0.0394382658870184,0.0306125375960239,0.0593784265487999,0.0537131576222035,0.197879845601205,0.243695688243324,0.125326253059589,0.574882361574632,0.0316713102480286,0.128161737979521,0.337023406308307,0.397141717195142,0.867553431270231,0.11963926455619,0.0308380237217347,0.0609149632613188,0.51660560818529,0.0198655502557771,0.0236012790649496,0.0427945577434119,0.303128419786012,0.0144146906983784,0.825706659753592,0.137292722782126,0.0453130219336464
"13","1794_dna","Acute","nk_cell_cd56hi_cd16low_NA",224,0.00661078975327588,0.121524286975288,0.0949332844623129,0.0421797431017539,0.143568826226628,0.278671729637122,0.610127572273373,0.104523571939236,0.140471926122949,0.0933631250655567,0.0277384699797103,0.108338559134523,0.287404472585524,0.0425104603630769,0.0228507131783883,0.034039880056081,0.0707340028140972,0.272722138987267,0.0856839163768478,0.136165250901057,0.598717051641805,0.0310711051558828,0.109823442476869,0.376652766199803,0.468361037853467,0.786095250090538,0.0640546792894144,0.0292543065182582,0.0274586087791008,0.390902953493011,0.0278837558388813,0.0127381251071737,0.0547170812466548,0.0945331580719999,0.0185287130380599,0.798292947837665,0.130607647573156,0.0377010407781058
"14","1794_dna","Conv","nk_cell_cd56hi_cd16low_NA",682,0.00391003480045636,0.130231323626767,0.153019724544087,0.0359268969414098,0.15756425078767,0.31398647868658,0.615943725455981,0.0505049117125065,0.195968870746434,0.0908976825399753,0.0430561438793205,0.11452305795551,0.344822257341994,0.0412819531453154,0.0234974869778301,0.0336815805948361,0.0770929990337404,0.222000222367105,0.130740082616098,0.116619026599406,0.558824207275834,0.0379154146908677,0.108371855059202,0.377456582964153,0.409585378623172,0.805771008712489,0.125813579581061,0.0458043117919241,0.0384165755631423,0.431833674868876,0.0321974474684267,0.0226435127604914,0.0540645545134438,0.301395637676458,0.0191726377587914,0.794099272428553,0.141714695077238,0.0479623664118872
"15","1800_dna","Acute","nk_cell_cd56hi_cd16low_NA",387,0.0038724008885509,0.120576564744555,0.167896917382507,0.0348935847808009,0.175054548282356,0.372620906978265,0.619668907589224,0.0477501778048195,0.253866521772922,0.0823056369163635,0.024483604104438,0.129861271903805,0.244105531726618,0.0271864929953536,0.0198730372051897,0.0514201811317003,0.0528380753157862,0.252577236544831,0.17910072377874,0.134889463920426,0.591856664805671,0.0239663116435737,0.0975385164242087,0.31540588178494,0.37885307501893,0.803347342356552,0.0982450317868412,0.0318931548198113,0.0204449616437459,0.41377360469998,0.0175100158716676,0.020703242642408,0.0445381721556058,0.168618330676388,0.0134184215782044,0.856937539546363,0.160810961201447,0.0533595968531178
"16","1800_dna","Conv","nk_cell_cd56hi_cd16low_NA",1143,0.00497254874663929,0.127881038633259,0.158622286316932,0.0369960177820144,0.138358577463093,0.382561093699724,0.648060224408801,0.0453612382391618,0.20516994231455,0.0942961595818037,0.0303871143062654,0.194191179592959,0.275389550267319,0.034201118918575,0.0231361000059476,0.0448528364032029,0.0671966166005061,0.206993688101983,0.281051983396207,0.111333947650455,0.560641589336787,0.0330810650770088,0.106064930887254,0.292279322765795,0.376708632984747,0.84237455762374,0.12250236288959,0.0328238161622561,0.0360018485122292,0.458333374080127,0.0267795489301463,0.0285230631172809,0.0448004529995408,0.355457808892117,0.0161733481185266,0.847477026473228,0.162605093971408,0.0544415659341815
"17","1802_dna","Acute","nk_cell_cd56hi_cd16low_NA",528,0.00358571418869821,0.113045050196665,0.220032882255345,0.0347842211639303,0.160509622736241,0.302071489120381,0.529426028198796,0.0360355066787229,0.152492210575808,0.0822726677870879,0.0361279160275693,0.11230292584821,0.25694556858726,0.033176528990106,0.0195886883461831,0.0598735107847471,0.0516480067268333,0.203368162827663,0.163202896582534,0.165481859775705,0.604013216736829,0.0314756680858294,0.111884634366259,0.372267886117862,0.407343603500817,0.755783561886022,0.103036167683489,0.0381083416195974,0.0357683700682626,0.372339189778901,0.0228579232111396,0.0188635842700648,0.102510825572149,0.128166274267275,0.0113560166603183,0.836285816318763,0.187275423849017,0.0550954481059863
"18","1802_dna","Conv","nk_cell_cd56hi_cd16low_NA",2343,0.0102110635108103,0.103889890792272,0.214668426554626,0.0393421351426137,0.120439581422346,0.333021161205161,0.570701141570918,0.0307347630684798,0.103521149582831,0.070698374054748,0.0387502767282966,0.110184847676265,0.287117531387838,0.0340936604574528,0.0176650919842808,0.0408832619802336,0.0490996481386581,0.150165262588515,0.177615942147964,0.109632820646521,0.5295848363725,0.0305143845136983,0.0884850285698607,0.354146364832535,0.381450671219671,0.757011096387791,0.123174339891129,0.0313483198947976,0.0363426173196734,0.349556308986451,0.0266289708282722,0.0178090141814951,0.0817139637037624,0.219861710697144,0.0125452229002229,0.82928284613833,0.205442080915616,0.0461724078851279
"19","1822_dna","Acute","nk_cell_cd56hi_cd16low_NA",68,0.00230641386561747,0.158260913366273,0.125849998940643,0.0315172610269098,0.161096374432048,0.271876549515947,0.603220262782616,0.0694127032768224,0.14619159947588,0.0687636791363683,0.0380170940758685,0.134043916508408,0.271643050703038,0.0420510497865121,0.0183784854053464,0.0473748599431343,0.0459365405328492,0.305452295044122,0.0495207394411347,0.166523342484127,0.648488509914112,0.019011597494393,0.0886296812244807,0.306095476851987,0.471552853153982,0.772476123150787,0.103295859483896,0.0340310868940404,0.0216908970916222,0.282081872856141,0.0192755223416541,0.00494769019714087,0.075063079508851,0.103683611550156,0.0171436562418329,0.853146856498103,0.170317978828364,0.0515210412881889
"20","1822_dna","Conv","nk_cell_cd56hi_cd16low_NA",200,0.00270303144977092,0.155999761904869,0.123700651387426,0.035758418946321,0.134128272223873,0.304516496868021,0.613994871028825,0.0317463312191451,0.120118798973087,0.0667755919070485,0.0273663700651572,0.102294433044702,0.317531876228232,0.0262373904224112,0.0123679353866048,0.0315834463519521,0.0510193909860314,0.245646874959676,0.103984454060112,0.113103018822486,0.52993865932851,0.0212820498150102,0.0725243954217468,0.284674435152278,0.378860948247917,0.781744910624876,0.126571339960609,0.03559781300937,0.0285344738923668,0.301882662339397,0.0206371096347935,0.0150649030821262,0.0466599650581745,0.270026125090405,0.0106766435337633,0.853211557925223,0.144881542908445,0.0478727520577848
"21","1823_dna","Acute","nk_cell_cd56hi_cd16low_NA",136,0.00507671059016761,0.13444994049845,0.0783428305415711,0.0494583705592911,0.122254723381984,0.355704230149985,0.6545213880771,0.0289539992678348,0.14388471528347,0.073610605015632,0.0336577166896598,0.115445014593598,0.29346395845086,0.0353449626295059,0.0205617449106687,0.0217161919753151,0.0411063760412684,0.194865983010514,0.246844547346228,0.0995508116161833,0.582241045635879,0.0181744135177929,0.10347628982144,0.265772824522768,0.323826485465198,0.831581312675606,0.118469248523721,0.0217773669159033,0.0267181344579608,0.379952870466339,0.0266361878535254,0.0212521816855577,0.0273814037206847,0.17025043700297,0.00949108314816698,0.817084738776664,0.121035582732998,0.0464937588571094
"22","1823_dna","Conv","nk_cell_cd56hi_cd16low_NA",768,0.00365114454824217,0.126018013351591,0.0985414633499069,0.0493566579129252,0.134816459981853,0.30997017538631,0.624353746112512,0.0223417288919076,0.156377777361282,0.0698276262061718,0.0244560049022145,0.0800355824512086,0.335517030767831,0.0267188562790883,0.0147875263738827,0.0268128410535656,0.0604297858253602,0.195712623708088,0.266113879751459,0.0872156304662507,0.532303189488924,0.0214045016006205,0.0946459491080077,0.255331310667269,0.267667557509812,0.834831308788198,0.10390263119921,0.0225276587928806,0.0289955431649301,0.403320954926522,0.0209813772607357,0.0190327146542309,0.0329503924028927,0.323428648969141,0.0141817092525271,0.815243088580107,0.090188767152194,0.0494524690554004
"23","1824_dna","Acute","nk_cell_cd56hi_cd16low_NA",328,0.00417595009230378,0.119533790563727,0.144304376934868,0.0480170231407455,0.173301805764716,0.299989080683571,0.716481932313604,0.0626868616106057,0.143406553582279,0.0860027417848349,0.0204395095053022,0.0659762235935377,0.327666739576996,0.0294809523879585,0.0195723758376592,0.0574483636515837,0.0522135739404668,0.220884424515214,0.170570572367173,0.151025092235532,0.661989377917673,0.0178661651236399,0.103271678548212,0.24004443950729,0.396303171349814,0.833658414489849,0.0879074816652228,0.0242177874531473,0.0183646493444036,0.386759968153118,0.0209558887291833,0.0275473229519735,0.0519085162904629,0.155460543392598,0.0122994339872406,0.814543543604301,0.165523198393163,0.0752638288529089
"24","1824_dna","Conv","nk_cell_cd56hi_cd16low_NA",830,0.00311940949202484,0.127081143483534,0.166069138695169,0.0632377389514106,0.148982545839006,0.302151851922149,0.685986427151796,0.0392804753405216,0.16496312422665,0.0848104869216344,0.0236618598463821,0.0571628984966714,0.378653817142689,0.0302994139562544,0.015323732702391,0.0294042174336944,0.0699818563066882,0.195731437625721,0.230907215156625,0.0998888381694693,0.561532029212565,0.0182193300943408,0.103821674731675,0.237621076072692,0.386789067542498,0.843882234002284,0.106816166384363,0.0210396197517781,0.0222939280404779,0.387551602096093,0.0189014134655317,0.0247323637056467,0.0321860707704064,0.334525859276776,0.0157758978118834,0.801832664557312,0.152525456681244,0.0653486643186586
"25","1828_dna","Acute","nk_cell_cd56hi_cd16low_NA",701,0.0104629988954894,0.167311086482332,0.0948644743825045,0.0520001562247282,0.116883059066344,0.306863962362216,0.565708906894197,0.0496093299215162,0.0642333120931664,0.0830615140719518,0.0274554501180269,0.213429449018729,0.224782677224984,0.0533032596889545,0.0286856252353713,0.0336234109890581,0.0279521490303407,0.154159857604066,0.133993843639306,0.117503776535617,0.581973862956035,0.105904124950207,0.10232488143082,0.250032765099159,0.435138383696327,0.79114240467127,0.0617691560933675,0.12837978003621,0.0345429978099145,0.365450935884115,0.017533867594547,0.016388423797725,0.0353810342481643,0.0398743863483216,0.0161498672671586,0.793192317753386,0.120134779114285,0.039342881002053
"26","1828_dna","Conv","nk_cell_cd56hi_cd16low_NA",2936,0.0116428931161791,0.168677983049554,0.0941579264371731,0.0515083628277306,0.105264021274953,0.267712056882607,0.514880431599471,0.0246302621738203,0.0706034109336319,0.0790973248269005,0.0266407236904661,0.263425637296216,0.224085190225079,0.0531942100260307,0.0249267652166517,0.0321252029466082,0.0366468667939101,0.134519889236353,0.182896183020744,0.0875111768871628,0.501240634751068,0.103502528256048,0.0998209161039093,0.269993224301357,0.414337226985073,0.802043217990883,0.0802171116313243,0.123494290020153,0.029907801826868,0.391559189544097,0.0191566863147069,0.0148769943177841,0.0447894867584882,0.179202021053477,0.0165890284759225,0.776839412391577,0.102790703537877,0.0285569465014895
"27","1829_dna","Acute","nk_cell_cd56hi_cd16low_NA",500,0.00568705285546924,0.148736931686573,0.100987488826524,0.136227223902609,0.11962908242207,0.253814000133647,0.604411257347092,0.0477076683552445,0.154290915328876,0.0772870652876876,0.0278537054231149,0.133747723989063,0.22906373432757,0.0848394154936164,0.028899912319936,0.0620621730812933,0.0438361773965093,0.149540736069282,0.153531092682473,0.104728931916311,0.570565683780797,0.0635997672116679,0.123437057269597,0.302003249816129,0.389108161135315,0.835307159891365,0.0620441100724288,0.0522703984200347,0.0296065139348748,0.439489639716059,0.0189275990934105,0.0239981864933974,0.0409824448006512,0.0912554857351696,0.0371898415331533,0.85778847220881,0.0935135776874668,0.0374840246818334
"28","1829_dna","Conv","nk_cell_cd56hi_cd16low_NA",701,0.00366808296879252,0.151347285916178,0.104391383334532,0.142448416233299,0.116429634176145,0.261332928594713,0.613670556188647,0.0347985509134355,0.104406193194367,0.0783061936233112,0.0271844560988873,0.161965471366788,0.318071884059813,0.078587026334524,0.0328713727371736,0.0635616147945175,0.0667628973476868,0.151523683059821,0.220682699727515,0.090574691387703,0.52737656536683,0.0598503882018738,0.140781123142465,0.304001068218503,0.400215986738859,0.848061211810407,0.0819323617670042,0.0542681599445419,0.0421760608145035,0.471534665966645,0.0151403287413598,0.0276970316889807,0.0327884332775411,0.29604181159631,0.0404741721599316,0.848723381631412,0.107014550301399,0.040033915727256
"29","1838_dna","Acute","nk_cell_cd56hi_cd16low_NA",284,0.00434942416074492,0.111986422229841,0.17322091030032,0.0314930658040256,0.239298239975345,0.413096982817516,0.602818092153826,0.0779489670440406,0.304813552628163,0.10391966734909,0.0372614882940549,0.190498854007644,0.254483686572571,0.0563253227945991,0.041943896685152,0.0966784068995826,0.0603074396808174,0.233855348443706,0.214514097169933,0.175762477605908,0.630040037621009,0.034159667628611,0.116481926490643,0.362278194318889,0.434183084149969,0.839888515479307,0.105456331487266,0.0422388501843138,0.117531982369102,0.475208771802754,0.0151260142553023,0.032166939029779,0.0661213568526682,0.188657956023339,0.0169361031477087,0.775138887564614,0.212404153312518,0.0485852780064299
"30","1838_dna","Conv","nk_cell_cd56hi_cd16low_NA",820,0.0044467099768988,0.114895699538976,0.196376055603333,0.0396018663704234,0.196828646484982,0.417892590676498,0.587536830871757,0.0675441376436959,0.20213530440938,0.104174541862192,0.0482595285872494,0.210697761249953,0.315167346209816,0.0535858764203105,0.0406606797409311,0.0824366908706392,0.0727054830348283,0.216420192248806,0.272042006350685,0.150696549242903,0.590385156171922,0.0398605454037104,0.116488987248841,0.380654306202023,0.400317222304299,0.841114895042812,0.138072244177285,0.0416251839473437,0.126273600095152,0.501611805522817,0.0216684115418231,0.0318472563886552,0.0609584594466291,0.341000520083178,0.0191585538730799,0.774945785082359,0.227292672181512,0.0424718063526896
"31","1839_dna","Acute","nk_cell_cd56hi_cd16low_NA",329,0.00320919253204315,0.130198086942755,0.1252859867874,0.0260274609170905,0.185503714001033,0.385768319808131,0.605728096420499,0.0702555174548673,0.221971137458372,0.10352982298445,0.0436893365774809,0.255009879477714,0.285645229160124,0.03309241913419,0.0372246881662516,0.0789039435169695,0.0670403566421091,0.197887946534062,0.193594602614405,0.139984346370979,0.588673801726919,0.0432304764410385,0.130476495063684,0.37675722001152,0.389864872937018,0.847846948805261,0.132039509876995,0.0450191382079052,0.0751220262748945,0.439443059259374,0.0255613798640898,0.0258792271227501,0.0421429039432895,0.25219978680865,0.0160565647373092,0.824564724364064,0.185370340999023,0.0427049234046479
"32","1839_dna","Conv","nk_cell_cd56hi_cd16low_NA",868,0.00544231335937451,0.124472108625834,0.160073511147061,0.0325760764716454,0.150854505106404,0.404515020298349,0.610427980696718,0.0586930923208082,0.218279841803256,0.102994621917051,0.0433067092503184,0.26832030578895,0.338190296339264,0.0477466319923556,0.0393513031730852,0.0601298598488298,0.0644571900121703,0.178427328954696,0.256714798671438,0.115258381621098,0.551100030584202,0.044278354601419,0.118004669773981,0.369333094677236,0.370860947861105,0.852390948345976,0.144683334021093,0.0368828842733696,0.104006425565385,0.457330641641878,0.0225719333938662,0.02590561933043,0.0369927528335481,0.338353163068341,0.0132370986213411,0.810373209041882,0.184093794906494,0.0462946183524701
"33","1842_dna","Acute","nk_cell_cd56hi_cd16low_NA",799,0.00864166819887734,0.13302761202966,0.136037633867662,0.0417188170148503,0.208886673334389,0.343022022901637,0.684209890882941,0.0582366344161843,0.150366377260244,0.108149105504572,0.0356819000190241,0.244724821851704,0.218529933338414,0.0485702310483129,0.0357460730090263,0.0924368191346888,0.0591290992802414,0.176282846059974,0.313263055978182,0.18084206632526,0.659550285147983,0.0489166095876715,0.140601728821064,0.290076344203471,0.419227213428205,0.816560627207112,0.105466273424044,0.0374664454343927,0.0928583316439369,0.437190435210013,0.026812147516966,0.0371050235283403,0.0597823396015338,0.18557521940142,0.022770471181985,0.783395975610587,0.17161400875145,0.069789817298168
"34","1842_dna","Conv","nk_cell_cd56hi_cd16low_NA",2852,0.0116299933123461,0.140822656462993,0.174686735948535,0.0441054346580864,0.189873109358357,0.332389954630549,0.689233909751717,0.0342673534171034,0.204468124027029,0.103354498710269,0.0336463201886717,0.205585047437049,0.256682358965625,0.0431358552088557,0.0373372133697481,0.0709507981601267,0.0669630210335992,0.142174155445884,0.375938346607342,0.136111634669846,0.606889240580417,0.0430386509299296,0.129354628451741,0.278320282785682,0.391116302650907,0.816882683834576,0.158875403127446,0.0397885732449169,0.106316490956849,0.43578974498987,0.0231240855431419,0.0370482831942975,0.045051123344914,0.289194803770851,0.0203381655652917,0.781847398899055,0.154184619925669,0.0654201871513542
"35","1844_dna","Acute","nk_cell_cd56hi_cd16low_NA",136,0.0015833653499121,0.145814767988091,0.144134746357284,0.0343132698166641,0.227759264525642,0.375366223373914,0.682648289540827,0.0647043118600735,0.233189627677956,0.0924599416169519,0.0329036282826905,0.201935427919713,0.261456788479978,0.0408837733504099,0.0248073069814222,0.0884298714281868,0.0670842150870012,0.179786944455069,0.17933898860627,0.152398049346196,0.649147231547669,0.0355601118188268,0.138544388135853,0.318540720549948,0.490191150956021,0.85218312827153,0.0850239987821528,0.0352902124180375,0.0352280995987965,0.496365596290721,0.0195958256519983,0.0325686965297357,0.0477819583119575,0.186927597999055,0.0189489668506935,0.615122881135925,0.159694487918583,0.06670046472659
"36","1844_dna","Conv","nk_cell_cd56hi_cd16low_NA",580,0.00208024733423477,0.141819942497198,0.196230947998254,0.0380108453443485,0.154054303007296,0.386773373355816,0.651881281562604,0.0360882241192854,0.200280508783503,0.102309165296517,0.0423489512739694,0.190031391991881,0.369903337064908,0.0387776915265747,0.0347842841712361,0.0667108979242352,0.0760059000585368,0.138654265149804,0.250789133585269,0.115846496801751,0.544019889335879,0.037191618743784,0.128601575359358,0.336614042211696,0.423630123001022,0.87454360393909,0.148341381517788,0.0455238266489107,0.0579114131170291,0.531034784107993,0.0173746648732582,0.0399589638352559,0.0464102165333958,0.437543163843398,0.0223956701487358,0.596109279566712,0.149021603527223,0.051223636622492
"37","1847_dna","Acute","nk_cell_cd56hi_cd16low_NA",225,0.0057553588786003,0.149885219651351,0.150844933116861,0.0396621209606678,0.153541624842377,0.402799905634675,0.629698363879538,0.0577309912310039,0.147577419322893,0.102550237075846,0.0449249008033363,0.171814106600742,0.346301172450404,0.0425713936632392,0.0342399046242855,0.0504573784982758,0.0598912304722616,0.241334122678399,0.156757274374145,0.136301649583795,0.595648494456094,0.0419896057007835,0.137170083471856,0.435828969370424,0.352729110082794,0.833808398147799,0.0902778422615352,0.0354284726109452,0.0415968034587901,0.462702661542709,0.0199207276752144,0.0349790020732794,0.0481290390028457,0.156620880406575,0.0262422086971768,0.855289049604631,0.123152369742331,0.0548324169331393
"38","1847_dna","Conv","nk_cell_cd56hi_cd16low_NA",878,0.00309073308105254,0.159033074241103,0.161287616302319,0.0564459817484515,0.147494729648462,0.343704127615992,0.600223949879713,0.0424485752460064,0.173140465916237,0.101985589735515,0.0446596820803615,0.17474695266033,0.391975472956989,0.0474816117092652,0.0366476675211898,0.0473883769065712,0.078672173755976,0.257059927167406,0.223580437753138,0.117248973667014,0.561387418944663,0.0396416702010618,0.137387769416237,0.403568593693762,0.331987322394649,0.841698766252278,0.132325482569914,0.0457557279990645,0.0602462713488089,0.477080855223451,0.0215958659940235,0.0329347514304528,0.0442579590068455,0.378810792558637,0.0192897747998554,0.846512333854301,0.124848613023461,0.0429755835692057
"39","1857_dna","Acute","nk_cell_cd56hi_cd16low_NA",90,0.00167295574102645,0.16690510323936,0.139915977208904,0.0272130097376767,0.187375757741609,0.385304971456093,0.683723652812792,0.0868126458976953,0.241707451354328,0.106399656044075,0.0364893143257178,0.150148023842139,0.240423434516573,0.0333503755660446,0.0350945529781352,0.0618275681982016,0.0666471364280719,0.20774542083077,0.14322078132399,0.123707071540336,0.630186483667039,0.0367702345799155,0.15787949912196,0.277646110902357,0.411191103319505,0.853371150863327,0.118609603044476,0.109012727997911,0.0503024439215622,0.556980593115494,0.0412382359759135,0.0422597812519128,0.0560502373716245,0.0687719122688931,0.0151444990802891,0.853634778865839,0.211647478596967,0.0686799876980225
"40","1857_dna","Conv","nk_cell_cd56hi_cd16low_NA",369,0.00287490650710546,0.165822752305384,0.153241464968286,0.036617031579958,0.160671491161291,0.390118831431389,0.69841487011562,0.0559316390492112,0.242521063987711,0.105871234542459,0.0401891307461937,0.231406219484511,0.256153690597024,0.0387380389785234,0.0366770593917051,0.052461059726848,0.0528917726085416,0.188274718554406,0.256080008998495,0.107580971968115,0.587487766009585,0.0398960213128167,0.132595466592869,0.289767013322604,0.409857564805409,0.870853427159957,0.142605964840652,0.118443631199191,0.0944386647647945,0.580430830475736,0.0385350152838915,0.0387246520739716,0.0479418544933116,0.127147754192135,0.024648950898741,0.847413830982429,0.174480297635537,0.0688722524213767
"41","1862_dna","Acute","nk_cell_cd56hi_cd16low_NA",98,0.00325257218718885,0.162790567605411,0.0889486971871779,0.0940628258676525,0.172940202966585,0.346398700366551,0.560567175801208,0.0742395219075086,0.209455168825261,0.0803586984799801,0.0286819740398494,0.101619285954293,0.359816759129676,0.0219267998023843,0.0277922561789841,0.0542836520616622,0.0999896046997502,0.279024960312408,0.101857086251464,0.164577979852483,0.574235858805146,0.0381858481851444,0.119491099564504,0.37733358762176,0.431926093802791,0.6943659773239,0.0457290790745209,0.0342416576445756,0.0242525224662174,0.283573018906145,0.0156218392289064,0.0239637908366729,0.0589355200346932,0.0989594524452704,0.0237058972061653,0.761749584326295,0.170848297991027,0.0557188994776877
"42","1862_dna","Conv","nk_cell_cd56hi_cd16low_NA",1193,0.0034661692583037,0.163447364976565,0.125270736194327,0.0795989438634049,0.146071423263583,0.38352588735757,0.551586449894668,0.0428230177716349,0.242779743443424,0.0896672387863405,0.036244554729513,0.118508014406807,0.420893269448517,0.0391191195051716,0.0259471802006332,0.0423917498307365,0.125880273428408,0.261988077422441,0.145680177976739,0.130856132962264,0.47993116660809,0.0337045707123792,0.0999270954242657,0.399938354838078,0.386320297854874,0.742116036551667,0.116642836327601,0.0369978554908053,0.0306669935480742,0.404941219485004,0.0173223106041289,0.0242581136250124,0.0455717017204279,0.365602038503071,0.0154369153148856,0.748411858914874,0.161856581274148,0.0530718465191153
"43","1863_dna","Acute","nk_cell_cd56hi_cd16low_NA",61,0.00242834394904459,0.120421231896597,0.105528191721292,0.0412731693002804,0.18669828499336,0.391421415154179,0.633627024181403,0.0434872882315347,0.085872291348039,0.0913926482323939,0.0276081135082059,0.0947584351440881,0.38872896563022,0.0182462555416204,0.0134969147848216,0.0349875629471315,0.118690720593056,0.211663767348995,0.19135232203974,0.181013127685981,0.638270781202534,0.0569841803907694,0.0992033773774718,0.355770564705066,0.457096779383315,0.829117028495103,0.060004313283261,0.0285739708880944,0.0195180713631937,0.463853830115134,0.0177855148125132,0.0391841658985594,0.0660864700037639,0.0884017682605014,0.0245484716326675,0.779132114119954,0.14262196049027,0.0680837426567864
"44","1863_dna","Conv","nk_cell_cd56hi_cd16low_NA",716,0.00199925167674669,0.123973425120684,0.0935578947996539,0.0400153070488021,0.141734315362531,0.420190946308615,0.674854337271011,0.0238468275371824,0.161098912610053,0.0870524777773878,0.0297389897232524,0.0745271255872683,0.395295873482142,0.0280019280174296,0.018426391154363,0.0477030841751495,0.101031219552949,0.195496222442627,0.241732386215619,0.148789692758931,0.529976221061849,0.0476680084450073,0.101623013262159,0.316862351242391,0.38407830344469,0.852203146193899,0.0888501310211544,0.0277588017211224,0.0235074017906662,0.472023071851487,0.0126434762289549,0.0312439994492534,0.0461121559709078,0.388224335792982,0.0150930306129083,0.775469522462961,0.137276667118172,0.0649740955729098
"45","1864_dna","Acute","nk_cell_cd56hi_cd16low_NA",233,0.0063741314220058,0.130391457769561,0.115423074050716,0.0726067705611107,0.158070242403405,0.309682602169201,0.594809647151503,0.0511338556021136,0.129332341210576,0.0937737088518157,0.0362875099126733,0.291185306932711,0.360833719127173,0.0574333009601139,0.0261860043593751,0.038180952789512,0.0779359237595498,0.213258288060286,0.164483219942696,0.166707990860337,0.621551954630047,0.0487586771708871,0.1512690227719,0.386619744753125,0.476839459496769,0.775623690846993,0.0660680423303689,0.0364464181984707,0.0444423493765822,0.417938171796528,0.0127055747211935,0.0264621828916173,0.0562534575382025,0.0943049215918691,0.0195995060828172,0.767764701238701,0.149525223807209,0.0502324818880584
"46","1864_dna","Conv","nk_cell_cd56hi_cd16low_NA",1926,0.0059281420537965,0.122929307724613,0.116266447364435,0.0612853321752657,0.121647681613429,0.361443943555205,0.621768957893619,0.0372455477407078,0.180056632590903,0.101466249110543,0.0426081220741265,0.361852382934917,0.403562545082444,0.0575392170683514,0.0342227080213719,0.0433365848124704,0.105565638603246,0.177458971026364,0.218226553419851,0.12571428600061,0.535910270578533,0.0467341570828344,0.144952346875259,0.374666578591195,0.434614970572665,0.806216387771679,0.102318066870032,0.0375642350123372,0.0510803561230673,0.45420528119814,0.0153992543420138,0.0255546314873393,0.0476416347900376,0.34115035010113,0.0170920559169489,0.75302987128295,0.138941588766891,0.0571618483048421
"47","1878_dna","Acute","nk_cell_cd56hi_cd16low_NA",472,0.00798173670415152,0.138483102084375,0.130240356110608,0.0397860104403489,0.186708118217295,0.386319593551984,0.60503898159707,0.14663737576837,0.120500023285543,0.132851884408142,0.0412298077769677,0.338471326415758,0.300746681867781,0.0511620736690351,0.0362828179110116,0.0509152625160395,0.0651109434863362,0.20915401644336,0.132835560925819,0.187753003978528,0.673337934219433,0.0600579935166914,0.150004455659166,0.368000222652199,0.463588940351662,0.787793422913668,0.0787704585968325,0.0431913635047159,0.115646882255547,0.4536276408944,0.0217272522885768,0.0339096956263716,0.10671491426831,0.134976288051868,0.0165894824670987,0.825910679376806,0.212909513930894,0.0594545350142404
"48","1878_dna","Conv","nk_cell_cd56hi_cd16low_NA",2437,0.00915556190053987,0.146267445233716,0.12587920962262,0.0686548039253685,0.140826746701194,0.395899651307222,0.58150959970265,0.0746114225795486,0.142334326888067,0.127508575984937,0.0443523991230914,0.373962829586359,0.374172561196488,0.0531923528870707,0.0438996667737853,0.0529794224132203,0.0848860914817711,0.166379189018141,0.243069181064199,0.136599002862306,0.588169219300952,0.056290504307716,0.154533739425647,0.346279781538613,0.433864323322178,0.800108810785361,0.133405835154128,0.0392384177596102,0.148370930120419,0.463773134990335,0.0243476297780393,0.0318917399995933,0.0915918755029028,0.356372740758533,0.019839000907453,0.809426365869147,0.193183091490059,0.0519705291004948
"49","1879_dna","Acute","nk_cell_cd56hi_cd16low_NA",778,0.0123924816820644,0.150649187877757,0.220522277265238,0.0446066848904786,0.207957260633003,0.432811825218395,0.629638313018728,0.0536217583307708,0.263471888667328,0.113473429999111,0.0567700672351668,0.237576451649057,0.253648678138304,0.051809954218397,0.0441151487573402,0.0625331457566343,0.0637243144392241,0.197917667635629,0.151721101092818,0.174750362631177,0.630402091555899,0.0533502080890491,0.151424287584553,0.386002773051443,0.367672142061143,0.837960281306984,0.083433018049296,0.0510490219765043,0.103689344881605,0.534410365291128,0.0185631816730456,0.0362121294880732,0.0578729347840811,0.186884545154908,0.0201948047052135,0.833995989175997,0.157408011236636,0.0524250053708223
"50","1879_dna","Conv","nk_cell_cd56hi_cd16low_NA",2270,0.00737628475708627,0.156692215526646,0.23942914403173,0.0635787817458563,0.197615062958481,0.423045098509156,0.637500791186765,0.0465537584904178,0.213369807724915,0.129688665654922,0.0553277364869636,0.263517609510855,0.331304184741035,0.0609192526821054,0.0487371754666737,0.0553636541081612,0.0973706499264898,0.194984762565442,0.208805473992051,0.160719390811834,0.624484710036046,0.0533108937439041,0.15208633723712,0.39359690227415,0.411271658012735,0.84380009972453,0.152565196915707,0.0486467775039055,0.129733650407624,0.548794929531636,0.0222679578468181,0.0407838676389031,0.0676533406895879,0.42596064628749,0.0201650320586913,0.826685731941749,0.202797070962047,0.0531498601807165
"51","1880_dna","Acute","nk_cell_cd56hi_cd16low_NA",139,0.00290740237193834,0.135375399330776,0.171515285319617,0.0440475261782249,0.189674518571211,0.3645632763211,0.649791485639965,0.0493966818870836,0.109910085102296,0.109492784211368,0.0400312722860793,0.149637820546468,0.297109038703093,0.0545757313507584,0.0297240880765808,0.0672648556193789,0.0671827029690243,0.208890850948768,0.206777615914618,0.170314857428829,0.61777962006361,0.0665204455762836,0.135063551927887,0.307546687914339,0.370836923589901,0.855183892787819,0.0752522677174301,0.035191410372803,0.149648066202905,0.529920867241815,0.0175576439076483,0.0353272252847468,0.0634963430132343,0.153913328409881,0.02652909254465,0.845964503889348,0.184344221415137,0.0756026542065979
"52","1880_dna","Conv","nk_cell_cd56hi_cd16low_NA",1164,0.00558367111985225,0.149663874076634,0.161255585955413,0.0441668878536321,0.172511025384665,0.371492494876156,0.663606239260239,0.030697921094571,0.220063737754085,0.125634327976774,0.0304971691584288,0.219352239317894,0.329439824956834,0.0380085565337821,0.0346614761268627,0.0535057020834359,0.0859347702907144,0.1830293010067,0.25318948756863,0.134317559454956,0.576713624169275,0.0603623896782108,0.140427313957274,0.303477208235026,0.382652927510372,0.860398022296026,0.124758174249962,0.0365446257936565,0.161224870675448,0.547982687788548,0.0264434482979076,0.0395266883112484,0.0607814761093609,0.363352750536908,0.0222241057035053,0.843774644751619,0.169984231144939,0.073838621593379
"53","1882_dna","Acute","nk_cell_cd56hi_cd16low_NA",347,0.00833093248823586,0.118532667723879,0.183018004169606,0.0389984587807768,0.174550302488858,0.332227555897773,0.564443952496753,0.0727478182049307,0.112512346841045,0.074681428215525,0.0291076594597126,0.217337476876269,0.286543292039949,0.0429430009511513,0.0313925867821452,0.0519489867642911,0.0556609995339224,0.233992698985669,0.138200624981486,0.172107877192944,0.649690818755225,0.0459962469245921,0.103415080731248,0.3108986680162,0.315595023205645,0.711089427486195,0.0773034004208285,0.0629697239335624,0.0881689656064931,0.326350172768778,0.0166354607138115,0.0203432844208222,0.0909992469953657,0.0735103461203712,0.0226934496491967,0.744307330480647,0.147952266289532,0.0592636544689386
"54","1882_dna","Conv","nk_cell_cd56hi_cd16low_NA",1301,0.00595159128441836,0.107556942462047,0.172543202342943,0.0406149492889069,0.143274702502643,0.29483988348304,0.512232622769589,0.0421595093113951,0.0945747369885074,0.0777003863169023,0.0325240984351802,0.207545989228617,0.34529279839755,0.0388932904992168,0.0305625978941583,0.0428851618678664,0.0753493268264861,0.187019888232274,0.156242201346416,0.151756895089951,0.598934585424348,0.0514601261581351,0.104431872034251,0.286057216294156,0.250816683724918,0.622510356376401,0.1438259861536,0.067420781137406,0.117645850779897,0.26418957233078,0.0219142055711328,0.0282995501727151,0.2126791223849,0.225714646003271,0.017300934753533,0.740001668237445,0.146063131058191,0.048653889366482
"55","1885_dna","Acute","nk_cell_cd56hi_cd16low_NA",43,0.00400074432452549,0.13271941227041,0.14438456264101,0.0445866894104469,0.131837236938554,0.347362453306848,0.611876646656257,0.084670921694231,0.163176370089229,0.108484976805914,0.041913081375161,0.175070929068375,0.269836740032059,0.076360524253238,0.0322627028046211,0.0484799077762795,0.0463731831333068,0.269412423194765,0.21664295515503,0.134503230922027,0.509721948634256,0.0912056057910038,0.135840826465795,0.391454465332926,0.372475916045737,0.780768154957901,0.0431707128956996,0.0241087163956194,0.066799784790294,0.458980637930035,0.00935690293360268,0.0436437590908739,0.0361629789762572,0.14101766084612,0.0217185382045382,0.842854089875031,0.109979447589414,0.0451140982716043
"56","1885_dna","Conv","nk_cell_cd56hi_cd16low_NA",1547,0.00552099727697419,0.149835767375286,0.208393006136916,0.0435932409010003,0.161319711515749,0.326891558093652,0.642652144796797,0.042109275907591,0.173799035129114,0.108007834300639,0.0416819550884156,0.203341130393013,0.332405968569812,0.0563952260452729,0.0370931191365879,0.0546901275222352,0.0841957210582618,0.183842936091854,0.327424740205938,0.143246189384669,0.557914601994561,0.0798569837850186,0.127143090921247,0.378526019733514,0.340573898372366,0.821318804711759,0.132556783393535,0.0370068977621951,0.0634989950306127,0.494963190345767,0.0188344250193457,0.0391780040357166,0.0456144179023596,0.452425267243437,0.0241259361777037,0.846170388621968,0.127762477324089,0.0650798371312341
"57","1886_dna","Acute","nk_cell_cd56hi_cd16low_NA",201,0.00310895254593825,0.137235185105511,0.118957679285913,0.0583483739402957,0.157081130613123,0.379256566430508,0.61615066003021,0.0652300479223262,0.14504334311791,0.0899656804573694,0.0345452208164452,0.260487175858241,0.268868478284061,0.0442011921463683,0.0396174744128284,0.0408928100830411,0.0644422130702564,0.232442659563712,0.218895003593462,0.143926995698937,0.61880895429719,0.0597392028901688,0.119192056155434,0.307164890857001,0.496476174709145,0.800801752143081,0.0941718468352397,0.0367900330182905,0.0604531160830535,0.391229177996939,0.0153562804563025,0.02328246768361,0.0671350584845953,0.0667711285031567,0.0157561801361871,0.804083788326174,0.181071173840377,0.076669585486401
"58","1886_dna","Conv","nk_cell_cd56hi_cd16low_NA",849,0.00293527866131932,0.146298747402051,0.148260204498785,0.0467854747099312,0.146994435834972,0.358188691463123,0.587424869455167,0.0467862040635906,0.172769325464123,0.0795087390668765,0.0297258737693971,0.209760526003522,0.389160527398325,0.0467507820939573,0.0279388352009376,0.0494849318956743,0.0794384289758435,0.227326659376647,0.251073473398163,0.122238842862826,0.520021545681509,0.0608211686988739,0.122431928739213,0.303021845768066,0.417243563550919,0.796784306994765,0.112859208491987,0.0346985352323785,0.0626882731760689,0.378737515562272,0.015467352907797,0.0318745556444428,0.045848326375666,0.276183247948425,0.0199438743839466,0.802362189306752,0.16872342804752,0.0520052325342572
"59","1889_dna","Acute","nk_cell_cd56hi_cd16low_NA",167,0.00662488099016185,0.117066774948361,0.127698817432919,0.0348899403380934,0.182149656986673,0.324630774339007,0.593477012800705,0.100967792204594,0.148967277148188,0.089159086890664,0.027506138981475,0.228720445959723,0.28391266835448,0.0436943979638368,0.0333899783798657,0.0442365681306791,0.0550088751319604,0.257185358879338,0.237850482982395,0.166440226358314,0.627458195674861,0.0403983137256077,0.133418155797324,0.342922665898342,0.480343868597094,0.776380580834288,0.0716726338148983,0.0415047332037071,0.0693013480022109,0.316098796759107,0.0195578630506038,0.0371909519067338,0.0945261118197493,0.0873516456978072,0.0209703517818246,0.865739821562692,0.163334387576991,0.0669578549863204
"60","1889_dna","Conv","nk_cell_cd56hi_cd16low_NA",874,0.0054896049243138,0.118547897163514,0.148875605230043,0.048996727261944,0.146175571553156,0.340761437825766,0.632493526206832,0.0437178304913232,0.185951261127516,0.0934961048112426,0.0352365041649107,0.212891713330102,0.316568784612971,0.0505026695696997,0.0360894958198096,0.0441384257280946,0.0565896110735447,0.209204654190943,0.300349146675234,0.12954033479458,0.560481684197407,0.0560292866848455,0.113189141866931,0.357226451551986,0.420479218225604,0.814549271598778,0.120713586223695,0.0429345506341852,0.0533222679766445,0.359279574897116,0.0284979165013845,0.0308992687873603,0.0646319782333019,0.174274212021785,0.0196657571017879,0.85666490609378,0.156668451971928,0.0618555876392783
"61","1890_dna","Acute","nk_cell_cd56hi_cd16low_NA",176,0.00458715596330275,0.0956511387667693,0.143040546686435,0.0314668249569083,0.136785367671603,0.339990301725008,0.593108314862419,0.0465740082884818,0.117305641131316,0.0853333603996951,0.0169721364974647,0.257447706053311,0.188496590026257,0.0374320973158992,0.0249164511702439,0.0508384954467219,0.0346999674876496,0.15949097062988,0.135562862253223,0.105621694980023,0.588257988320287,0.0363170112006398,0.0949583623753391,0.272146446567914,0.370082499448414,0.81962342766122,0.0706593046659782,0.0380669361244401,0.0352084264537179,0.345979430657716,0.0178024596297975,0.0283654910848663,0.0364674225766816,0.0962546551862225,0.0161093299183121,0.835976073061901,0.171032917133679,0.0502748237762824
"62","1890_dna","Conv","nk_cell_cd56hi_cd16low_NA",1303,0.00420216848663885,0.0828151051322985,0.105283089328827,0.0308849629945544,0.0909253862127121,0.333175986149509,0.576092893358912,0.0373032563415838,0.142841674914286,0.083854997112183,0.0284803150327762,0.292689395722797,0.220454333193877,0.0310210332024363,0.0306310041319128,0.0284964805704215,0.0485888132661575,0.134679077821503,0.15445063575073,0.0793995761804047,0.46205144482532,0.0408356090495366,0.0966177123878597,0.278114861506432,0.327774017233017,0.785593042111727,0.0802954439776306,0.0305162023520667,0.0309023483702898,0.307825288202333,0.0206181338544256,0.0299953828930089,0.048478439039471,0.30858549572324,0.0142133956431807,0.82912769716574,0.137265385327005,0.0417678623024713
"63","1891_dna","Acute","nk_cell_cd56hi_cd16low_NA",299,0.0069418647845468,0.131933574160544,0.185123970538051,0.0447544523424152,0.2120624981313,0.319722367813043,0.673456807582544,0.0481768162308995,0.0982938680084892,0.0848816311988709,0.0287561973906555,0.0861691766165162,0.305306351492255,0.0320665860946427,0.0216342984540601,0.0429007148941256,0.058455505490461,0.241199524992421,0.174831337397903,0.215003896217547,0.701286563752508,0.0322366306819631,0.128298223766533,0.269705580624642,0.444057764791879,0.800428353329522,0.0642339940818133,0.032254446200354,0.0253583850643712,0.413656850704776,0.0161370745119954,0.0405576562275448,0.0933961215468127,0.0730167954206707,0.0143231668801162,0.805301478169289,0.136330171968798,0.0837030506303755
"64","1891_dna","Conv","nk_cell_cd56hi_cd16low_NA",1864,0.00496669331201705,0.14047968320699,0.187121467213606,0.0469295528567343,0.140572425818422,0.368608259458404,0.693000123378794,0.031540803034597,0.184885756975345,0.0927947365932531,0.0249722540328798,0.0825114867617118,0.398167577772381,0.0350103917347824,0.0251937502923539,0.0398981043908948,0.0672694553127971,0.157523344517327,0.293615005994048,0.115166404401446,0.570509946835948,0.0307305169857206,0.120125019577603,0.282453438632838,0.401958786028507,0.844555450900796,0.0981112568746938,0.0327158339363167,0.0355589097587335,0.470274117290664,0.0205589853687533,0.034418128347861,0.0437828566756982,0.221200246323811,0.0173104933635024,0.790452638847941,0.118350093111424,0.0944865990493224
"65","1897_dna","Acute","nk_cell_cd56hi_cd16low_NA",223,0.0029340561023104,0.140752687729682,0.121485197824342,0.0599155393500701,0.155672510367138,0.409321866086079,0.627553248197721,0.0256118172158406,0.110689297581017,0.126206107163906,0.037109040398684,0.282741637865546,0.324362678808326,0.0472718862725927,0.0334246263446341,0.032327632651224,0.0627237159227535,0.23100137096311,0.164554363155979,0.160617181489513,0.65198238519848,0.0313586166527312,0.17106841902235,0.351070184606949,0.459829175970715,0.827404365765193,0.114434009651562,0.0311659109698132,0.0433239097869872,0.479133105095289,0.0267590512933065,0.0322038386105855,0.0670530697567697,0.104657752923017,0.0165303491943577,0.842449004702106,0.188993151585269,0.0534781892508813
"66","1897_dna","Conv","nk_cell_cd56hi_cd16low_NA",1359,0.0053246091760373,0.140488946083237,0.176441422560153,0.061765220851531,0.144809448799236,0.384877773375373,0.640735321471038,0.0221083584952048,0.134219481266634,0.109656804129359,0.0403775304813945,0.281164949552209,0.34103216001623,0.0389037189780379,0.0330616565830043,0.0288503642863928,0.057049946450885,0.211935208716965,0.227852727416214,0.132281285046357,0.580681784082898,0.0433542089958859,0.154970582897332,0.335024075928735,0.427250238118317,0.853245498646628,0.11617697228612,0.0339840226071478,0.0514168822018973,0.532914953952862,0.0256014995568667,0.025988937542219,0.0555840686236476,0.259941597804641,0.0144708932504269,0.82815372713633,0.17976442577802,0.0640924866246058
"67","1910_dna","Acute","nk_cell_cd56hi_cd16low_NA",676,0.00571375442689184,0.158213649707483,0.168621383610246,0.0836944550431622,0.186273878633177,0.418065907897856,0.629042841419874,0.0653410660015631,0.155319817406064,0.108864871760485,0.0454426601412578,0.251810682884008,0.339455521904709,0.0495939210012724,0.0372921853608927,0.0676376344426416,0.0590673398299017,0.219964917321962,0.236119073802221,0.172878127185127,0.652437703535235,0.0456623119573566,0.16229337393428,0.356645319382592,0.449178957375659,0.82010086194345,0.140688240400287,0.0460533362904267,0.0344729595031689,0.496729928947353,0.0227766615325295,0.0251751564692674,0.0662044464830923,0.148703742688599,0.0218431734935323,0.844537312030512,0.172271966310254,0.0685739042871446
"68","1910_dna","Conv","nk_cell_cd56hi_cd16low_NA",1139,0.0062757932900254,0.140233421195946,0.203518033824924,0.0877287358401616,0.171888308624356,0.39717724729576,0.640633528089768,0.0402142898704728,0.178846092377159,0.101359459390856,0.0651096875082851,0.394024796217214,0.390282958657908,0.0640955325348068,0.0539899588292742,0.0621869777482199,0.074547315083029,0.184058634271578,0.296847057496895,0.148993844399189,0.600390318098363,0.0545325562361743,0.173586807770124,0.364174822531379,0.442711505229637,0.797051363520571,0.128476326664735,0.0459151184578994,0.0660180799286153,0.456980791174063,0.022142852776091,0.031504116888577,0.0538769616370932,0.340280365862909,0.0220417327314936,0.84176798529353,0.166948560207506,0.066588834916092
"69","1912_dna","Acute","nk_cell_cd56hi_cd16low_NA",561,0.00521671207654897,0.152247393622854,0.154699513834469,0.0667987588273451,0.166973675051746,0.39918622584529,0.64577480944345,0.0570514657834404,0.178478337631155,0.109514525293246,0.0400174326366196,0.189500816707622,0.308794804517621,0.0409567033256096,0.0267269128223282,0.0581279950470474,0.06318490025901,0.206695531341706,0.256602482950881,0.149888359482272,0.633646001432762,0.036354154399711,0.140379494415882,0.34827928916098,0.425290451499294,0.815378167698465,0.095919349308498,0.0521700989186108,0.0261803875021061,0.512083593479311,0.0204521625432494,0.0301982983181691,0.0572835446149242,0.169757926348865,0.0194261384708996,0.83484727516894,0.147497276152373,0.0745163214495622
"70","1912_dna","Conv","nk_cell_cd56hi_cd16low_NA",1697,0.00651789829466892,0.141831514764735,0.152158851395418,0.0640792722187823,0.136692368378867,0.380668556364308,0.609263505348192,0.052787509584802,0.179856769863342,0.103290607579422,0.0376463013951941,0.229217582426186,0.393226409602734,0.0434820595029022,0.0319681589169513,0.0453657586716677,0.0851543044556542,0.17411752331295,0.326450873604815,0.122615942401192,0.567255444658125,0.0430749227115966,0.150283356275114,0.338359568801996,0.400361981978345,0.81770025997938,0.135079107843477,0.0484109438107431,0.0367458424870316,0.525802989017628,0.0206095125674092,0.0294179603021383,0.0519194748297999,0.386918044676144,0.0182507620212922,0.826322666835805,0.162476695572747,0.0589197218378651
"71","1914_dna","Acute","nk_cell_cd56hi_cd16low_NA",242,0.00393809702039023,0.139580172568292,0.186602317125966,0.0797522643704672,0.204391556231097,0.418715384220164,0.628725873720996,0.0539213278242602,0.208105498054132,0.103226341344063,0.029704099313446,0.185515803085984,0.372365206619071,0.0405170775067962,0.0264520146489379,0.0804228123835442,0.0887669218888212,0.229340230130144,0.228107634522052,0.175296650674698,0.67034432127861,0.0511252715729975,0.140280967362823,0.316420330910278,0.426577015911708,0.843382032621891,0.092783491907424,0.0395923041271043,0.0299489702526531,0.515719453314588,0.0180550046449466,0.0413735847511874,0.0690740230423411,0.155404936600098,0.020632425290885,0.826689647784103,0.166642049969193,0.0580150538388181
"72","1914_dna","Conv","nk_cell_cd56hi_cd16low_NA",856,0.00290922932611917,0.115517061440246,0.12937454133367,0.0782929656422366,0.166808583511102,0.400158957810367,0.614178089594531,0.030959591294161,0.214697072323347,0.0980984454986592,0.0406959931723641,0.301243588094588,0.462567891843704,0.0415093220096879,0.0379022855067224,0.0510308781030862,0.11950946630057,0.203016729869681,0.29153675255063,0.127257560836965,0.576249377398188,0.0579814738864147,0.15787981827435,0.325513963743832,0.392184898364946,0.816816367981698,0.120079086193645,0.0305698211760008,0.0626304807265094,0.473120967934003,0.0207028542013422,0.0282313874592678,0.0542210613927328,0.410033840059641,0.0205448161953214,0.821937889059831,0.156232307544118,0.0497084413276134
"73","1918_dna","Acute","nk_cell_cd56hi_cd16low_NA",1303,0.0109996792111972,0.146859317235561,0.149834833746832,0.0855920590456067,0.171808133111128,0.426715292658878,0.670734654947448,0.0592865568581645,0.144253633329298,0.0964952089581468,0.0410687439344152,0.327293363918898,0.326487807353254,0.0453718660785055,0.0368754120718282,0.0484736124837935,0.0757385275297798,0.218277487982271,0.110534214036243,0.156838462458655,0.667445781608633,0.0487306942859136,0.177038895051565,0.319169067520227,0.411989748742332,0.790704109079493,0.0954651878670411,0.0384066757917012,0.0362647143542419,0.446219345420669,0.0190060762402306,0.0247016995734201,0.0743815255996978,0.101213790674834,0.0195791874913973,0.815267129757005,0.139590144318303,0.0588544298564871
"74","1918_dna","Conv","nk_cell_cd56hi_cd16low_NA",1777,0.00750621998251224,0.14714315325876,0.179237670530615,0.0715799108817627,0.171716151151048,0.419114103020161,0.67817534691963,0.038741168253391,0.15072201180527,0.0952969928582502,0.0435892133992499,0.319296258999996,0.440650680971227,0.0438761350242342,0.0393585202279107,0.0455798078126039,0.117244596494993,0.192357995650897,0.2073364942943,0.119382467340725,0.582781263472527,0.0500324103374257,0.169095351781089,0.307511118208391,0.399100423907651,0.832400014186292,0.101245221694704,0.0351941525759185,0.0440545073034405,0.513484098227451,0.0197278493028577,0.0306576304435312,0.0711579731967277,0.383107091227339,0.0176168016887995,0.803101284919178,0.157432121016629,0.0616724975154526
"75","1920_dna","Acute","nk_cell_cd56hi_cd16low_NA",503,0.00474774647222616,0.107533123668626,0.143770969158967,0.0916817680708542,0.186858317315217,0.306393238723979,0.57312224616994,0.0514427919867444,0.0828958101552066,0.0771123786761772,0.0354777010204576,0.104654131918163,0.283756243492934,0.0390706422871431,0.0226834319547632,0.048505987051178,0.0701844259614006,0.233092306095611,0.116883068113213,0.18144227227036,0.68427316086438,0.0383105674192475,0.138692292725168,0.316783272047578,0.316722475672602,0.689441860106522,0.078476654575721,0.0257897689642844,0.0236042197079708,0.278381743368418,0.0158992938206171,0.0252910347710957,0.156161048631271,0.0940476656322843,0.0297679924828129,0.806508059431378,0.163044089287527,0.0552583950494538
"76","1920_dna","Conv","nk_cell_cd56hi_cd16low_NA",1273,0.00584935050613194,0.088653925124373,0.131384185895328,0.0898633949549254,0.127713518010779,0.278524544774042,0.529283420231217,0.0280055012365092,0.0607880296397781,0.0637790307223826,0.0308233236621699,0.12254912821959,0.338310917913907,0.0364023804893821,0.0173679674811098,0.0486810336783779,0.0649511875823576,0.147941794686662,0.0939211412558589,0.136677974480731,0.596797512257904,0.0347903799070938,0.110922526329365,0.268240791195029,0.224405841369658,0.610016969485989,0.0928177342364014,0.0341323745930547,0.0267163263324624,0.195735093368642,0.0143466732758778,0.0201592527918495,0.175372091128183,0.181368328761935,0.0287058738654776,0.808649552184136,0.162003478246325,0.0366260691569855
"77","1924_dna","Acute","nk_cell_cd56hi_cd16low_NA",97,0.00168824839877471,0.12311957928797,0.0928107386917238,0.0341921379665013,0.141877309318965,0.35114269246157,0.63451465991656,0.0637415602835491,0.144655966238107,0.097597324808321,0.0262634573683958,0.127287522530876,0.35337982262136,0.0359942564922645,0.0294317071037235,0.0509012682887988,0.0523085156288667,0.256298305201095,0.186739573060096,0.153212745605369,0.575415632369898,0.0383493173513929,0.102577824884773,0.352273242554767,0.452287138971792,0.808823112007615,0.0488333407490318,0.0320828483790962,0.0265035433591517,0.441668302612536,0.0154639296667516,0.0252356044751708,0.0480179556597791,0.0589249589085453,0.0137432310522008,0.796427148838459,0.145839723264539,0.0502402122801192
"78","1924_dna","Conv","nk_cell_cd56hi_cd16low_NA",469,0.00189517921364206,0.141235750763996,0.133388021645873,0.0516611785020033,0.125868810087355,0.348161214747686,0.636768486261624,0.0290632429868684,0.1956767880032,0.0860906390062965,0.0373720704153498,0.159069089207834,0.359376141364427,0.0340257481794427,0.0214414593502372,0.0355740180516784,0.0690691230889738,0.213526174091035,0.237245804979069,0.107298938363229,0.530674388607235,0.0337575347812019,0.130124463867125,0.348182384488584,0.421372874709252,0.851874120815671,0.0981498469305025,0.0372776682255438,0.0328788391706022,0.469794037640107,0.0169725526480903,0.0259081086267176,0.0331931265408582,0.307040647308271,0.0131665260429748,0.78498632163929,0.127701320899185,0.0656154787586374
"79","1925_dna","Acute","nk_cell_cd56hi_cd16low_NA",144,0.0028970345632318,0.122195030844093,0.117078583805196,0.0596252704855182,0.127078263566208,0.415064544587088,0.597596890411651,0.0602317583039706,0.151931588454387,0.125323640025921,0.0419036424445704,0.192642676118122,0.330761933227894,0.0350918624736168,0.0217539054531423,0.0327163306185187,0.0607976613296674,0.184384316824062,0.193421495924652,0.112864559274037,0.539494393436704,0.0500465760632531,0.122138009898575,0.354286105573889,0.455757625546237,0.80650635717902,0.0767788369831072,0.0410493065425702,0.0399748175174955,0.428063768188812,0.030162305070421,0.0184851929169154,0.0703872202680733,0.116209122660731,0.0146242430802276,0.776909003084881,0.156841547211674,0.0503467328062274
"80","1925_dna","Conv","nk_cell_cd56hi_cd16low_NA",535,0.00464708232718934,0.133598042759327,0.131057859933923,0.0449996421217493,0.144377855246303,0.340051809071443,0.604392667835447,0.0283861606129432,0.204860518708974,0.103078137464739,0.0378439965304028,0.176217153154419,0.327065549645139,0.0352944568924909,0.0205822081866744,0.0241648967394197,0.066751250040991,0.17227233493326,0.262764447948659,0.1067240471517,0.513453466483139,0.0451978683831013,0.114309811541231,0.371388836398066,0.446888447128751,0.847979217466495,0.0885982307111161,0.0297548124045468,0.0403627233489853,0.476894582898465,0.0207101852961513,0.0336213812737506,0.0458896510824389,0.210164082290497,0.0120012978635871,0.7552647531193,0.117891744948782,0.0451423836333491
"81","1937_dna","Acute","nk_cell_cd56hi_cd16low_NA",231,0.00387135698603965,0.133566998804658,0.0889320168515189,0.0560499048777342,0.14389502720933,0.392158773776594,0.661142192870533,0.0386765048099112,0.149571345315062,0.108227791849316,0.0546084656711591,0.164041970953265,0.401927975691212,0.0459189637850547,0.0272648266296693,0.0559032401776741,0.0646471933836947,0.233855587504142,0.265100178341098,0.140011925031536,0.547203515134039,0.0394868857623674,0.127705490787484,0.388845989531223,0.334487958201385,0.822463674151155,0.0721113899076789,0.0272134205411916,0.0398586810270307,0.482418642185181,0.0162691313394716,0.036435620465926,0.0421773801166985,0.166704749558922,0.0234151118205774,0.831210224775348,0.115656624000887,0.0933302481770983
"82","1937_dna","Conv","nk_cell_cd56hi_cd16low_NA",1219,0.00430468253407727,0.123219561358033,0.131553982947767,0.0524184249894469,0.126331529835301,0.351190373137416,0.657673845337539,0.0238096555572187,0.20500884439523,0.0944952001406404,0.0340685084379012,0.162244326196891,0.44061165818056,0.0430733035967874,0.0276640166993331,0.0480516946143875,0.0912590414110164,0.196387512932691,0.304456515169649,0.11330719121659,0.491340753984524,0.0418042981092938,0.121490311555648,0.34999607164757,0.303818076014477,0.835552345726036,0.0925665714250464,0.0338241728328872,0.0430003062079553,0.493507683146995,0.0159454430523363,0.0308604383775506,0.0335278998978536,0.33305451154086,0.0167290711537551,0.826751095003894,0.113849082827661,0.0689098576898218
"83","1938_dna","Acute","nk_cell_cd56hi_cd16low_NA",394,0.00357032821646701,0.148154499088799,0.0941125547335666,0.0504122077979262,0.143426262208968,0.362002438756563,0.628881994962683,0.0617999731146701,0.114185937071295,0.0952506540155951,0.0299085307289442,0.281479858956918,0.229150904788035,0.0437783974583097,0.0219603575037611,0.0388167099007746,0.046864643704717,0.174873324863285,0.17873107825466,0.133643197198477,0.558498717697944,0.0545139674551158,0.133353068874746,0.346705184548923,0.423532731965292,0.81282799111769,0.101766305252745,0.11419579620036,0.0403252117581149,0.458747909423277,0.0145691399014433,0.0252840896623101,0.0535012842364634,0.0865656980229748,0.0165575179320509,0.844187307997236,0.13721748327442,0.0577877043956976
"84","1938_dna","Conv","nk_cell_cd56hi_cd16low_NA",2267,0.0106531954887218,0.158242262017128,0.085913271637453,0.0703450183425247,0.12973111624146,0.345757134444636,0.625404120478715,0.0407814344366397,0.139488591484366,0.0990154228553509,0.0441203903635094,0.378962055192752,0.286251238995248,0.0460924449545315,0.0354335935205375,0.0341543363009801,0.0596427178218532,0.162413301523252,0.294858054712891,0.115721786212531,0.535484003351184,0.0623056328035199,0.154984246567215,0.366131082564232,0.429861350133987,0.858689252104122,0.115855463761465,0.10895612134511,0.046223152150689,0.536270168496935,0.0140350874162147,0.0304891489482194,0.0411921378958921,0.303058798370717,0.0184121566472823,0.833805325390077,0.108158201244927,0.0532042036997634
