"","SampleID","Treatment","MetaHybridLouvain","N","Freq","4G2","Axl","CCR4","CCR5","CCR6","CCR7","CD11b","CD11c","CD123","CD127","CD14","CD141","CD16","CD161","CD169","CD19","CD1c","CD20","CD209","CD24","CD25","CD27","CD3","CD38","CD4","CD40","CD45","CD45RA","CD56","CD57","CD66b","CD8","CD86","CX3CR1","CXCR3","CXCR5","DNA","E1D8","HLADR","Osmium","PD_1"
"1","1080_DENV_ctrl","Acute","b_cell_9",61,0.000324247320972955,0.196577852473621,0.0881288374862777,0.130619682279271,0.229006815855817,0.502303021436656,0.346478079790387,0.689650447654684,0.590763819738301,0.31278104581642,0.0987158925830058,0.650914125706545,0.248761303895805,0.264459359127688,0.0598417493712243,0.217034315317761,0.634405168943472,0.208225152006074,0.617113289653426,0.082192884364846,0.242095249199439,0.100790822629644,0.0862349216053053,0.165034380849816,0.615556284810238,0.41789742386546,0.704204889726173,0.714572258618782,0.565827210153478,0.152526124124181,0.0907289330774167,0.174186376828634,0.137150134289903,0.499955600560697,0.209017681154764,0.0627909920266848,0.656717391876665,0.93276097457005,0.134871341632551,0.726271916004308,0.866972961687891,0.036994045355921
"2","1096_DENV_ctrl","Acute","b_cell_9",82,0.000241826557274556,0.29320615160732,0.250317962882307,0.155032643626773,0.177547274708188,0.449498639008361,0.359470630060531,0.671578023208033,0.576421165805288,0.289332235926313,0.0749553027706073,0.634759425398736,0.252322269617964,0.215389390643303,0.0402085983693064,0.645194965077222,0.617487861761172,0.278326994958768,0.578978649896914,0.0676588163448173,0.315625509424121,0.102057046065247,0.0721559874901725,0.127039437685295,0.52699058975317,0.369366810368783,0.700804258572556,0.777256136192595,0.575940405841483,0.157825965623308,0.0557327333600504,0.163087587232302,0.10387569292437,0.558859109067871,0.0670525422641978,0.0875215382985466,0.7195577567307,0.908935013304354,0.168137935446402,0.659354360747101,0.864922353328583,0.0428878578584201
"3","1304","Acute","b_cell_9",36,0.000167620395677256,0.465041109992484,0.111669063899241,0.211307237395307,0.107213962034889,0.401745921515251,0.274114768133782,0.59972670233467,0.479974440426374,0.129304587333502,0.0657638481351184,0.623756089650503,0.199586296171668,0.217262063234212,0.0817345410822363,0.110114539275001,0.589638869211939,0.251367081892249,0.555560555398204,0.122011630398679,0.330859493882376,0.112438551479029,0.141543092520102,0.201899234390275,0.493589274121509,0.413072059782602,0.553225775517823,0.734694889193218,0.578399012764888,0.121420665411337,0.0416420675250074,0.104279482951914,0.217419727276605,0.456880813284099,0.209768509663168,0.16580159472608,0.50076389531678,0.947781979778926,0.38161722305197,0.654616548373246,0.924228859501198,0.019531447035253
"4","1304","Conv","b_cell_9",40,0.000145198468156161,0.302132150930901,0.151222489462191,0.171822249536065,0.0552535604724633,0.465443367461924,0.352031095322186,0.690754815309798,0.554947703760592,0.161214822781355,0.0796280864945653,0.723856902167229,0.178171420315924,0.216150086199215,0.0686968852816341,0.450214134364458,0.618851630436925,0.190879703667706,0.654636048397403,0.114356969997475,0.368984668176404,0.160696099784281,0.10350331235216,0.204409690352396,0.562793885791535,0.391709441905504,0.700704599599734,0.635869527914229,0.538397546369838,0.133852649924404,0.0617747550165905,0.147516832082584,0.108018386188098,0.566561869736199,0.235415120683136,0.0948096114057722,0.617717264445402,0.953132312979349,0.0434159848421475,0.678652334522158,0.924668730482061,0.0149841064215821
"5","1369","Acute","b_cell_9",131,0.000218979322334219,0.288293369045752,0.143213622550665,0.189456056271859,0.0588335410962814,0.49975048301983,0.301569210913235,0.683897970979265,0.580844681224862,0.128641104690058,0.0984077120933385,0.699366743874058,0.211704158822272,0.211790722884256,0.051099560142765,0.150088537451984,0.642659041239876,0.308694479942963,0.68898627697497,0.0962959087206307,0.411956459544006,0.117851053038924,0.112043621015985,0.133482605784982,0.526655668910845,0.419357728012178,0.710433896313664,0.766689102574378,0.618328658442688,0.146841110070509,0.0658893669683988,0.146790854867206,0.111495882552391,0.543232226975012,0.173895010827116,0.105707892574565,0.63697114891723,0.963450201893697,0.058335724013999,0.707025562720966,0.920812837216253,0.0245874666480503
"6","1369","Conv","b_cell_9",71,0.000194400179614814,0.244780752282331,0.108418637984104,0.182833713479655,0.050819640034784,0.478809607178876,0.37641877297341,0.689562203202837,0.596843383262203,0.145614304699514,0.0972770689013957,0.735211942549224,0.245898689468368,0.210193830311309,0.0755644268738617,0.531287325149214,0.614032062694834,0.211388332551321,0.693997859141827,0.162181628502175,0.411278364332452,0.0960993436135765,0.124846183167491,0.160588888401955,0.561722904579498,0.359228510998506,0.685485274161069,0.602505745893233,0.53804375179755,0.127371361126732,0.0819602560711145,0.120471423426869,0.0897563947011058,0.525650343958305,0.277158137064414,0.111443929081199,0.658868096248167,0.963801072033422,0.0674901700299609,0.696907438626654,0.925196536098585,0.015252464784868
"7","1659","Acute","b_cell_9",90,0.000309189100053593,0.229659963306398,0.15453347800503,0.172154445241463,0.0566058127962941,0.427081273660173,0.332146590995142,0.703145215947391,0.562301690581786,0.152536271100077,0.0729997226385852,0.740554599587462,0.166908998431292,0.187128882637695,0.0526189255798245,0.145474942489348,0.604280722265892,0.251192920523166,0.653573523601142,0.127438303362675,0.387462679260185,0.130638308291894,0.129860470047696,0.151989185815795,0.516388960174066,0.409042646993418,0.673867384927947,0.751555639424929,0.535874703810989,0.131673682703683,0.0647841345146133,0.138087702655039,0.0902051562315098,0.560117585922962,0.212949319362872,0.10775369130001,0.592811432199084,0.959927362592786,0.0885196286016827,0.726421074869728,0.940241618016415,0.016367400710022
"8","1659","Conv","b_cell_9",4,3.94671928959053e-05,0.233298316745691,0.0373780180834085,0.217329102377306,0.0129116888446398,0.390617959570742,0.391021509254876,0.727397758429591,0.635923435648514,0.108093205906565,0.0596824588271586,0.715605618365054,0.186177663101527,0.320083705051954,0.0369396591253664,0.574698262430971,0.616420875450675,0.0712134944926986,0.711164472650477,0.290261032209082,0.540265638321369,0.0653829152566686,0.157842187487222,0.122260594192402,0.612455410350145,0.403252318216184,0.681384789077493,0.574094996439264,0.624180517697636,0.0859206323456233,0.0859265655659106,0.227670742581155,0.0788975485996948,0.488053876716053,0.206032785681517,0,0.588507521548539,0.972987830086861,0.0483324794689819,0.670430563270084,0.950968023835095,0.0129851403999566
"9","1765_OFI_ctrl","Acute","b_cell_9",54,0.000412676820554363,0.387294354960625,0.200364545182905,0.197067379481085,0.163679191507419,0.334552658588191,0.322344282653734,0.771917690316019,0.628016133042251,0.338831825274959,0.114670104775386,0.65873653049421,0.320641905165515,0.245912563135566,0.0813061452824984,0.346349383680136,0.593199808351867,0.237196546145407,0.529518751525916,0.0858174519134416,0.286417338758526,0.125351417469157,0.156729950755747,0.181601145722737,0.62681032000281,0.436327983417986,0.696838675610426,0.702061889258969,0.666698029621882,0.123001383149637,0.0716507267495094,0.112900266356304,0.231934559563491,0.509297971716526,0.122639154121093,0.167380884752555,0.536165126616142,0.884930909435224,0.391688113327919,0.730214449666518,0.841061607884671,0.0804471191442237
"10","1779_OFI_ctrl","Acute","b_cell_9",31,0.000167060066177342,0.206488422166012,0.154880732407366,0.144981693730416,0.0914746112205269,0.438191611900967,0.309730265493596,0.694195472305831,0.564288629725475,0.221509446520277,0.0737432930105078,0.642193790338172,0.221415320296487,0.197951004623889,0.053893136065717,0.478172345010777,0.599122208882673,0.295945756398786,0.6366149385109,0.0693869629597158,0.387706829723237,0.143731504545209,0.0936478192539523,0.102511186231077,0.532012365609097,0.248725266790329,0.699775661528082,0.750470840090164,0.545290678294735,0.140130842350353,0.0899694828597358,0.129108128485101,0.0841345331211792,0.447452203173769,0.0997133264690219,0.116312571877643,0.617225485212123,0.908852773409806,0.083687302288083,0.664165099337987,0.822636143785243,0.0161787499684959
"11","1855_OFI_ctrl","Acute","b_cell_9",141,0.000580753579254329,0.292927007681447,0.160804436142274,0.136659718326481,0.233855365406563,0.432896082054041,0.31674186547957,0.656254257330047,0.592444738299218,0.245408448425975,0.0976673675933393,0.688965929961213,0.304373774986525,0.245958742947664,0.0597619987858833,0.568735608217872,0.572959748136286,0.241722154996488,0.593906652470064,0.0465938406357492,0.311198677921044,0.118200040857881,0.12657502879454,0.153949515714053,0.600743758303029,0.443410215105049,0.668454965327139,0.727941695927471,0.61275419566156,0.146506615862862,0.0771288318912595,0.12728621277594,0.164804728336145,0.51845386545229,0.119498374148229,0.120668790735224,0.609022058483186,0.897383514639378,0.210192905981512,0.699095212683926,0.833863675364202,0.0437621646448446
"12","1857_CHIK_ctrl","Conv","b_cell_9",162,0.00040979356017009,0.19801260212752,0.127192049609376,0.15016205071624,0.151240727929537,0.553890745186529,0.288821723337475,0.604098554022882,0.639087265923444,0.342202670973514,0.0931650062651784,0.610662811147376,0.27548357475799,0.333142033634768,0.0497417715924317,0.141055421041629,0.610462989583114,0.264852688522673,0.622273992213585,0.079354496062784,0.232878279153456,0.102830096937894,0.137045750868873,0.170996061542149,0.530346144068135,0.446332990851664,0.643216388858139,0.78190268494013,0.589576517648947,0.17153836226453,0.108614912212102,0.163735288973047,0.159624184226015,0.565986708877263,0.294929736275375,0.100537876880622,0.618697749615285,0.932896858665558,0.145470032613899,0.736515459287003,0.883415229119526,0.0405120975346775
"13","1862_CHIK_ctrl","Conv","b_cell_9",108,0.000223046484539574,0.206934248617606,0.141179977523337,0.170188075476857,0.116734684781867,0.499967093519965,0.303037838237276,0.656547757694878,0.608717194011912,0.197371476073005,0.11938035823787,0.672630061848853,0.250353051871979,0.261514774211498,0.0681917547416865,0.178378929655724,0.581989510525494,0.26939634691673,0.625166910901729,0.107659858175428,0.293376296993535,0.142125589695527,0.167800071709218,0.181847711878748,0.544550404775296,0.397955880496695,0.578540565641388,0.770208757965724,0.568783886415297,0.161104665222073,0.0978720271292049,0.210261726343945,0.156257989089876,0.565921118775456,0.263287370561702,0.13065969016402,0.588372707116721,0.92956915201762,0.191914896589529,0.699732523115627,0.884904993696589,0.0739903806581028
"14","1878_CHIK_ctrl","Conv","b_cell_9",131,0.00053185226686804,0.261819265858154,0.120019677466764,0.154015112260647,0.122090419091993,0.518703284442266,0.312155804038098,0.696841097848054,0.668174048490577,0.230235819716152,0.105544283522324,0.734356125258863,0.191503579982862,0.232125997442576,0.0435638697226087,0.281521485407011,0.631674859582924,0.267108140109597,0.63632120175578,0.0788285515091128,0.177847928823679,0.0777018794664188,0.12080261797838,0.160450250871322,0.533841668885398,0.429692410143577,0.617136750300666,0.732586158168538,0.574062768945157,0.144302810369751,0.0888947039251193,0.144610562074044,0.153020165520795,0.616826651454285,0.138677477021882,0.100606961257428,0.611303402949854,0.928542976070917,0.190391045180843,0.718695306232568,0.877835168026428,0.044414089779712
"15","1879_CHIK_ctrl","Conv","b_cell_9",94,0.000229053206135702,0.490492438981901,0.138193979724184,0.169365885074746,0.0944741136212097,0.342499902180596,0.257757556190408,0.630483066017341,0.588946298328943,0.157663630963647,0.12421628676606,0.594517932657277,0.331056474273397,0.270466678510676,0.0733993843230543,0.220116239798801,0.525040073767938,0.278204801037083,0.498726326255237,0.0969783404130794,0.303292599516448,0.0752192128182954,0.195754849157938,0.202512960551485,0.473644101711456,0.493965286503992,0.500088722630988,0.743547714662816,0.689359952104412,0.115955377912312,0.0569369003084589,0.0915199879814946,0.304026132679544,0.534580355708261,0.141391704867633,0.111946267609767,0.441983038695724,0.88122569393353,0.482919293001494,0.658836057182217,0.832029653961567,0.0441336341584452
"16","1880_CHIK_ctrl","Conv","b_cell_9",46,0.000170232923047317,0.158238554990485,0.155991923321096,0.129792908386358,0.0446478968636968,0.462814936163532,0.308146652313734,0.661585198570202,0.515650986801772,0.125721311858338,0.0627738402739292,0.700244462821733,0.209256344668036,0.17372089586433,0.0422427542726944,0.154693684917596,0.573073224409247,0.307414378302316,0.588295691861153,0.0422216597406544,0.355254271984436,0.129579329704328,0.124544630527018,0.129809919475899,0.538527606374341,0.371730403748683,0.618017091806976,0.76414466743395,0.512180565636693,0.122852157071035,0.0594001031275804,0.145679905535474,0.0859064918986096,0.492533825240959,0.0497235913741274,0.136032158962631,0.6030680179064,0.902217524140419,0.0792095059219458,0.680469962590876,0.820712125867375,0.035391607336099
"17","2007","Acute","b_cell_9",174,0.000293483650936618,0.241828987398019,0.126666661104265,0.167814628710969,0.0568729049437252,0.470541562321149,0.251911538278639,0.641116791000244,0.567174917729428,0.142006442497871,0.0999386671839358,0.68577275137418,0.180714066180976,0.25117874366422,0.0429555203988937,0.127974726479371,0.644792097902874,0.287521823626359,0.663838942564692,0.110036235454033,0.415563149355718,0.109184835614834,0.131098820148487,0.125520360690072,0.541291649624511,0.410162353447619,0.700572552316787,0.562326878788488,0.576340394024316,0.143608720902818,0.0569977413468248,0.117841376429694,0.113752132942107,0.53855736340679,0.172265495471839,0.118797830878737,0.625900611244322,0.961790928404264,0.0820872314515593,0.703845708274531,0.931758258904134,0.0182104657625617
"18","2007","Conv","b_cell_9",22,0.000192400192400192,0.232083047185761,0.167190005587031,0.164301880271093,0.0704247462541578,0.391290851739392,0.303765069520604,0.617423439357418,0.560757818281824,0.19985230458952,0.112104976248618,0.675586626292538,0.155000257015827,0.223904063805615,0.0829746061497501,0.562527936498199,0.614834556156508,0.173412410931886,0.648601769964203,0.205815853800117,0.428106398347891,0.102468964956575,0.167163753671928,0.159339015961515,0.566204388355162,0.301602954957672,0.699730614608985,0.527278229606865,0.517367470412497,0.153539893816836,0.0896464812614418,0.103020842002891,0.124169898706955,0.572961684967045,0.260063729390923,0.144753974390017,0.54554883616048,0.950005807787189,0.162223285032382,0.707635143146634,0.923169285586474,0.0521294650516349
"19","201","Acute","b_cell_9",115,0.00043405726536374,0.225212298188583,0.145034469453402,0.144785115962104,0.0564580298488811,0.446711227204769,0.252855013728893,0.667520118143617,0.565928389563082,0.161359464521881,0.0904623044265411,0.718715371192678,0.172503572049267,0.247107729603145,0.0656122687769046,0.111256677369515,0.604493015560672,0.26844116209896,0.634774255370169,0.072647395883752,0.381953376713692,0.122902085596929,0.120346768463397,0.128545649553109,0.525698987867203,0.421196293343558,0.654171509710219,0.5515756284718,0.560886879754335,0.128363775154201,0.0680547678486594,0.100911184240982,0.0943519363694751,0.511778564082937,0.191113217295038,0.090395843971133,0.515906857334752,0.961314995744454,0.0597989219344611,0.697237955924452,0.90304883243074,0.0250419873021457
"20","201","Conv","b_cell_9",77,0.00018785252844624,0.239015249616847,0.129423535404199,0.163378724557148,0.072569911168032,0.458055756825973,0.246514656421383,0.693440412569352,0.572766882655749,0.156948345825249,0.0874850112500803,0.743917700670315,0.152173404349576,0.241289899740278,0.0606694574526365,0.441207194402895,0.581694336993037,0.202194038765455,0.630681441801765,0.111466068625616,0.408829035612013,0.129073200362215,0.136981414603416,0.162652538554091,0.559826039332915,0.372258984442648,0.64436813438203,0.611419620692716,0.527316027223863,0.147094421650606,0.0558072409535992,0.103263187466492,0.106974700835275,0.485050209995577,0.185628599473741,0.111400204564059,0.538958681996198,0.958647468829861,0.0836837069654331,0.676956769189997,0.903651104979293,0.0157902351241209
"21","2226","Acute","b_cell_9",63,0.000334720030602974,0.330563418215443,0.134638175508004,0.216563588995981,0.255905712137825,0.405274863422899,0.283671533296286,0.657628591440079,0.611327464914222,0.255289278276951,0.161553656943903,0.671721364138232,0.32399025331829,0.480397266430183,0.067861727057202,0.200217661474803,0.597250167844321,0.252588963761109,0.619135054699562,0.128175745286201,0.354809080073681,0.109165175861815,0.211114853735112,0.219798022185832,0.526604020372236,0.50532677544076,0.601514322490876,0.693348512941997,0.605829302020194,0.213969150638926,0.129154429360666,0.18138676511425,0.331027818569634,0.582954153722695,0.272114619983411,0.146605122475209,0.497840502982396,0.936450444389818,0.261713527622077,0.70163615808728,0.936844497015197,0.042572478270394
"22","2226","Conv","b_cell_9",18,0.000146470071282101,0.321549814825581,0.162350069259496,0.228069919808167,0.43550974695809,0.334814319631272,0.241293996555478,0.709494400724058,0.542397587086875,0.301523238963578,0.184312510346817,0.758429569566985,0.292045595064776,0.371235072743631,0.0836651888993061,0.628584427752371,0.543330802548416,0.237843494330605,0.565185915851836,0.177670698029301,0.285626533240868,0.0877396446744673,0.241436299355321,0.232391021434878,0.550720705050244,0.512281555691536,0.526356225700332,0.591625819118083,0.532688796446971,0.220071784124243,0.0837067090972595,0.164516092935075,0.336205460248251,0.576909018837991,0.311498605891639,0.163606342411726,0.35284153693263,0.926326081703693,0.319210260657974,0.674944606721387,0.93442036297541,0.0397627472781711
"23","3132","Conv","b_cell_9",57,0.000406272273699216,0.292210518442718,0.143752808521814,0.162662478899298,0.337857974950298,0.404771377670761,0.291606071080652,0.566959626925139,0.540553111453277,0.223341488006047,0.157188422403017,0.518662985329671,0.254572970616341,0.496767383566074,0.13350312928261,0.417883374783509,0.567396632499752,0.215717377600379,0.58783791935198,0.137445350241132,0.324671478401624,0.142562721351071,0.174694305224153,0.2112622342847,0.605559451776859,0.373337356685531,0.65139102247507,0.587611272581454,0.590195657133738,0.31579840325836,0.245944446136468,0.1716408137724,0.252719401178346,0.429834948296601,0.321455208983248,0.113307076386647,0.456380269965293,0.930105773141593,0.221445159934428,0.686989050024983,0.917168374617711,0.0369234259282981
"24","3758","Acute","b_cell_9",110,0.000445777273464095,0.289275224679126,0.140734502207995,0.206427143268513,0.353118482987856,0.452033679458921,0.297474062134304,0.720971794291812,0.628360415317272,0.23605528977632,0.142608428654383,0.774755705179502,0.245040233648824,0.368100955630022,0.0566722866262797,0.226308281972193,0.623038049489308,0.228115373827013,0.647998701579521,0.112934310622938,0.391264226197839,0.152780272309642,0.180101063163155,0.190514322322604,0.526515713440618,0.494443565747468,0.657360326663411,0.702286774849343,0.566286618337713,0.210248534526785,0.118059711849388,0.211119861312381,0.233907797176666,0.657798495206317,0.301698429610497,0.148070978221691,0.596636503018361,0.957072745313254,0.119235431600194,0.715570288983845,0.950912971880149,0.0378097899494402
"25","3758","Conv","b_cell_9",47,0.000262784170328872,0.305468559169657,0.153043519741073,0.203845419536792,0.410628326552613,0.419300029690735,0.264561142394046,0.758542466461613,0.664872289083505,0.259396425610196,0.136319804011545,0.771764102259446,0.252002576159704,0.406115188169224,0.0764285528375314,0.64295685465027,0.592943521618338,0.228503717711392,0.604656687827593,0.178831445537372,0.316439607341757,0.130367384392222,0.240277928849156,0.239638169819781,0.525509703620673,0.518460761205756,0.624123308892819,0.66927227393014,0.547313971329621,0.224211142339356,0.122380292041427,0.242854592390347,0.31384372939674,0.643922655391113,0.358259999945917,0.152487212938746,0.480930366602242,0.944065520291415,0.226043014677936,0.688123809211699,0.944301059248895,0.0588278577761371
"26","4041","Acute","b_cell_9",213,0.000545792783235706,0.29242178089771,0.128363765148021,0.246448376056627,0.318416761249171,0.448252326316685,0.328786042997677,0.640771581840739,0.500882788749373,0.188576477044429,0.152888681750463,0.641086055281022,0.216386495092886,0.384440023054413,0.0652298073211617,0.173521935802998,0.604950874057077,0.226581166053822,0.591975574092298,0.131308759403716,0.358404663903199,0.139044439565809,0.204196162426541,0.195298974778578,0.524952882557337,0.509345985188126,0.575391899304884,0.695262875714688,0.55661073218322,0.226163670657876,0.0829042179500795,0.172679719765529,0.276314774350506,0.558190821736655,0.270920055062944,0.183642679693269,0.494348872920326,0.926271999349137,0.216569436155986,0.675543621726765,0.904673542649014,0.0403640202953809
"27","4041","Conv","b_cell_9",42,0.000339726116040735,0.333534833395489,0.20676631456919,0.244206265262934,0.499078812981882,0.378652216995727,0.301203897810085,0.653540098448844,0.533340310025092,0.306283560305595,0.153041835950207,0.667979369769015,0.203021267635817,0.396835442132846,0.0712601795386759,0.567214722678777,0.571164153046525,0.168576969423938,0.546276630422569,0.238408352711686,0.307871597582735,0.108625156739851,0.206603157010265,0.243405433659677,0.53821751845566,0.520834216416889,0.583181874391953,0.529243411508682,0.514906532711291,0.223455009926762,0.0874640920279605,0.208580341298888,0.347452494368849,0.609884836633436,0.301642562891938,0.208860941740444,0.442755327712498,0.924913719684886,0.258803463333213,0.691775279408534,0.90679257695152,0.0453808106817683
"28","4069","Acute","b_cell_9",100,0.00126087504728281,0.349313570494886,0.12572445558109,0.18061732181988,0.441028325661811,0.198480905171123,0.203065144467394,0.786583941365224,0.627017387430195,0.247368231272845,0.364797315688154,0.805821988922378,0.474364327185429,0.637723707396804,0.10409708023756,0.354741175246667,0.649138938464331,0.340209481395991,0.549125897867106,0.136867185700088,0.237576732863136,0.0921695339430619,0.448532594938141,0.343031433503219,0.533912420943,0.767785922182236,0.405852931094901,0.557327198190809,0.714429957600874,0.234940909245585,0.0884415246505455,0.184927027733909,0.720521965209141,0.725671393136594,0.363630757546854,0.107052934054067,0.235235824333853,0.91002762486718,0.424338001806768,0.636503776874193,0.916272519037696,0.103059433661623
"29","4069","Conv","b_cell_9",127,0.00138150094094355,0.401510234279796,0.133667413858727,0.192565855418154,0.510050622921607,0.206683731385222,0.229170504098516,0.803532828097521,0.613060852129368,0.265062772542315,0.380580877730734,0.856052119958463,0.465396536506015,0.621001103423658,0.091606129527762,0.635626450129443,0.652640110510624,0.339748896808253,0.550859878749732,0.149213337695274,0.243845635785328,0.110381342338906,0.470140396559086,0.363271009187537,0.591766592573119,0.786415809433441,0.427686334673397,0.584414853426528,0.723311140623989,0.2550361338006,0.0792125178001931,0.212025188733956,0.72954629797692,0.728178595715932,0.371279900564304,0.120085018493544,0.274018746211433,0.9119975057155,0.469683719288623,0.650706878962621,0.920975959415809,0.120112827488745
"30","4203","Acute","b_cell_9",247,0.000746602505199013,0.350706458251121,0.137941476976324,0.20917257075175,0.409794082842643,0.293204418489108,0.274876256719991,0.746126885283298,0.623088190724826,0.263315566106213,0.414031461939096,0.789115016226647,0.428244250109787,0.578887564986584,0.106746873257249,0.339543158889036,0.668298132512848,0.356922290841212,0.560494341343176,0.141608877186456,0.282803786643987,0.115538639957326,0.43546236982509,0.382800932687627,0.517196233663967,0.781816862889621,0.433462439299671,0.703020578731684,0.718484887582045,0.256645031637051,0.102260169338397,0.26602096409533,0.679270302097148,0.65460213594807,0.383152587614987,0.143114211373793,0.345046714411768,0.911276371001206,0.456480531118155,0.623547301530686,0.920515007548295,0.102003918848335
"31","4203","Conv","b_cell_9",33,0.000212199544735522,0.27865780697582,0.131681143138275,0.164299873389714,0.411371888246689,0.281752169474797,0.230975628939991,0.713589563993796,0.51022751864498,0.265832931136421,0.329944366823532,0.713538415755232,0.382902098434016,0.51167966444633,0.0746917829158933,0.620746659525057,0.621282605573047,0.275401030158264,0.551245380675531,0.170507102278106,0.262117795030868,0.113477248195186,0.387821995362386,0.351522075353044,0.528161570640561,0.687436109627618,0.425653261837091,0.532566150345285,0.615368520511538,0.276896172999192,0.0833832194347119,0.210907113445838,0.602908246693722,0.601180466288643,0.336835720627009,0.156524314432899,0.326697702336685,0.913185970631621,0.214547294277779,0.625944972380139,0.908088617388909,0.0858965723724365
"32","4359","Acute","b_cell_9",410,0.00157878118092832,0.375140842362408,0.161487891152789,0.197942801839336,0.472033799874826,0.256800546882887,0.249937497991778,0.747555280403239,0.665571382157872,0.300248672742623,0.362000208274714,0.782520877956054,0.417789338565913,0.563712723974225,0.097767396083874,0.344531981879627,0.676512242687835,0.348784156486066,0.555007020645751,0.169038407959793,0.294113589921179,0.115191678303119,0.440852398489751,0.36498944371293,0.50145188590201,0.774296370815748,0.518730672794697,0.644701887415437,0.718885027471726,0.242558659401458,0.114859137458937,0.218718862867677,0.676790247673486,0.717864083114259,0.346801558079851,0.138907271908959,0.296738612319193,0.906042239092676,0.451501902052133,0.709201722727151,0.924271823922489,0.100676469967735
"33","4359","Conv","b_cell_9",48,0.00020669164190673,0.333251755989909,0.14092306911669,0.17445734866346,0.364901754837922,0.276910759783181,0.288324651859391,0.622664614082188,0.420589829556569,0.179393658526708,0.360066887863355,0.642638170962527,0.382853441435766,0.531432077662882,0.0933090474404074,0.555429690901769,0.678369192346301,0.358766639122923,0.568131239743903,0.179756466979366,0.255687947073759,0.107360144895874,0.428192041410415,0.39411444750965,0.508771773689929,0.725257843537504,0.446384725541879,0.57790826687426,0.694343190967852,0.24693088220904,0.106377419993745,0.202457436678568,0.687962860788439,0.569756373365487,0.249105236184278,0.152460020238195,0.330712226508059,0.902600870865904,0.353790566590624,0.561454787747323,0.902084641614655,0.0973510082425211
"34","4515","Acute","b_cell_9",135,0.000594815849419063,0.300428831797263,0.130158428523221,0.170833881615602,0.400634427777563,0.361288777842826,0.267741915915332,0.760000781039411,0.604685909665133,0.261167919550389,0.256465257272698,0.794602322861369,0.348969665588365,0.476453695720792,0.0614852634678153,0.298832331581705,0.654308312862143,0.312923982978943,0.592493789055881,0.145006602868077,0.28572521269325,0.111487696911654,0.303007271973828,0.307675673644721,0.541111452538811,0.655104115052737,0.497143427281799,0.657251507218484,0.630979897128977,0.218899260669291,0.0833726387206324,0.202111330153738,0.504780368090201,0.626336104293173,0.281493032476416,0.131735045952116,0.437818404209022,0.932170127536103,0.26096584775589,0.666641589730895,0.921826458044022,0.0714355217161783
"35","4515","Conv","b_cell_9",59,0.000419048971909514,0.291013877707535,0.156428342873719,0.178763548540013,0.478568012455315,0.333984700709186,0.292677117305154,0.761494211180861,0.635885536768888,0.302846995338966,0.270011078350526,0.773433943245033,0.347896726237817,0.499951242250491,0.0759353508846152,0.647237811138852,0.63711324476313,0.286576993668364,0.563456882044879,0.121480140681212,0.305642743669555,0.115130510118362,0.325374315658185,0.292154655010317,0.541728773809127,0.674678403312608,0.493465861078399,0.594752423760217,0.614276126251794,0.22497948194844,0.102853058633012,0.193115062412297,0.512062310409354,0.664503890123781,0.31533801150961,0.121463213275874,0.411511395890904,0.923678338912677,0.322134857171733,0.685520618907605,0.921171279543418,0.0987762906284556
"36","4606","Acute","b_cell_9",152,0.000487939546858247,0.316471387850341,0.156378722825903,0.174362869729946,0.414388105223517,0.344112189023886,0.285010991618398,0.720962930271714,0.635463576576838,0.251591400711268,0.3334404165332,0.785025868899446,0.407445127046719,0.525973019924015,0.080866399593839,0.295603477777879,0.676463788307411,0.310275486979637,0.600856143813806,0.129672351150614,0.292656249030236,0.120480393895139,0.352205008298914,0.325099651963513,0.543636489071546,0.753224199528386,0.519933591758879,0.717716014822949,0.684596027313487,0.236640369388587,0.108687658667825,0.231593179594183,0.57044132195427,0.651063840975395,0.275987384583308,0.133215365451309,0.413306321155849,0.925379568114781,0.363727069604513,0.681082242346961,0.919123760179565,0.0713773011297893
"37","4606","Conv","b_cell_9",52,0.00032919309707398,0.340414581700625,0.190823021556331,0.18939836721702,0.50275144929348,0.354033816971852,0.286272837950884,0.688837614183971,0.568745921512891,0.278995260105319,0.311023083160908,0.781512564821467,0.404589041966268,0.490779939850506,0.119635453265009,0.583668603646568,0.658252240078852,0.281960654254014,0.586729822502136,0.163439479793193,0.291030088123578,0.124803323329797,0.348268984034923,0.340043423856209,0.572811831291368,0.732701867766455,0.517916772631128,0.59861366498157,0.646489468293719,0.240154530019678,0.0831244140231935,0.227596283257713,0.559499842279877,0.6301110538752,0.392293285087548,0.142141381732115,0.415033593828699,0.920073007678787,0.290693805584493,0.672325263014866,0.911595126519554,0.0889681678709136
"38","4749","Conv","b_cell_9",86,0.000232739396826084,0.301949112806642,0.167969120932684,0.183507021038055,0.467924523809362,0.44101544637666,0.374762787074405,0.811590958581099,0.641687734672855,0.212183701207264,0.226862061739109,0.816486724706001,0.345471318873055,0.389170734607254,0.0919974691616441,0.436626804408111,0.626869422219595,0.258244764877636,0.634366038050968,0.165717882575518,0.345030031238738,0.141956053378147,0.238106133584674,0.307487122977006,0.582592145795156,0.637072205264238,0.589051984815351,0.733382696548861,0.623135309396474,0.196551180751519,0.0997926446767323,0.191558048688281,0.405360943756589,0.629887338714098,0.337875893453211,0.114547960755336,0.520284085659057,0.946508570330471,0.177397865011274,0.690976629517066,0.936425291248919,0.0616042322357194
"39","4772","Acute","b_cell_9",41,0.00013779984068994,0.260702665181104,0.0938812437651047,0.186660359936554,0.428010601938043,0.383361819938419,0.326325213771898,0.742276995917498,0.63050343469149,0.218904769735913,0.255000523786471,0.807183640542293,0.317120090840024,0.431218317770809,0.0852784981837326,0.317754176794883,0.60142110114952,0.236756036272766,0.589649903618806,0.136660245118443,0.387799367854978,0.128071501736717,0.270582691476577,0.32286513190128,0.572187926479381,0.685098294065538,0.498675215631327,0.728232930255848,0.60494154602858,0.219760765265236,0.0714578597108722,0.223651019140721,0.470225435892621,0.611381351661649,0.29902405838468,0.152343004719591,0.442368433069421,0.931698779462528,0.276679875760433,0.650495790246762,0.928362940097828,0.0541133432667037
"40","4772","Conv","b_cell_9",1,5.79945485124398e-05,0,0.019542690092082,0.0958136869289847,0.245815764661891,0,0.139073764320734,0.0134913614711797,0,0.0682435392466062,0.399541674740999,0.352679327027903,0.428622240865832,0.506604999067623,0,0.36389668041945,0.5117498680876,0.475304122570778,0.489579664977137,0.223897902989646,0.0966992405528599,0.180925810668377,0.481461474122222,0.244846199225615,0.620497488358636,0.813076426784652,0.194658197259014,0.115548060449978,0.711148483987519,0.0258531287096921,0.191384765270123,0.255420710349391,0.732206813138384,0.343654381737488,0,0.131006703817771,0.183218548959966,0.860220898420948,0.909322145519157,0.331264575818634,0.82741515730339,0.0464493553283127
"41","4797","Acute","b_cell_9",76,0.000225593593141955,0.336767562058966,0.137072963116556,0.18116110755532,0.417071547540445,0.401248415140238,0.283099894447019,0.729644209778003,0.568894600123192,0.17730385444326,0.253973056830369,0.786268940161407,0.328635120104091,0.437882163109373,0.0973846003645481,0.187036468005883,0.652215136132314,0.254796645225076,0.623208169682964,0.120977244086834,0.324892199287157,0.113950417626616,0.293042805857129,0.306536614466257,0.539505560212103,0.642004129278769,0.516253006361571,0.721888424065171,0.631199303456265,0.212168264995553,0.0999684938995326,0.180949909830443,0.445196096740354,0.615211752381785,0.239919647230293,0.125260360732022,0.440715276168874,0.933661670255491,0.23251074397461,0.657763841001188,0.923873578623187,0.044674127818467
"42","4797","Conv","b_cell_9",46,0.000310964191797305,0.39033584109988,0.15800985944802,0.16730389072291,0.56862783168664,0.241576669323482,0.263164083481944,0.704225996766432,0.579454555044966,0.26463203312843,0.354729631932137,0.766479850481152,0.421946862157041,0.597759695395065,0.0773799630992174,0.618255922383652,0.69206264387715,0.349412030123337,0.565699788080867,0.182149749064549,0.269233862171448,0.113580308427774,0.453089667505978,0.357506729935122,0.560102230271011,0.784026772465917,0.435919097414024,0.469987026957808,0.718806945994611,0.251455400720123,0.108096242199329,0.195134958658702,0.682828307931355,0.657505592449406,0.287497982278541,0.11137752501071,0.32671414727414,0.907312018093216,0.476772401429689,0.618233427665829,0.916326801293094,0.101163862678052
"43","4948","Acute","b_cell_9",116,0.000352551439078503,0.267268437936863,0.162839725715172,0.21283191236766,0.472676676521522,0.437759900484717,0.330940157044957,0.717614927507312,0.54288198166979,0.292124261332978,0.207712080263507,0.738098767436035,0.329795537272737,0.356817541204008,0.0857966594220816,0.247573750265108,0.62051983097706,0.246881741869742,0.605572195189015,0.163092398708116,0.32299583643101,0.129887772994969,0.264384212688236,0.291637134881647,0.561999044205182,0.576558017063051,0.582980451104977,0.723346369422623,0.565500278112151,0.205939876653174,0.0923875872528659,0.178355625842424,0.3861800950533,0.606307603837858,0.275758396847852,0.153709348416302,0.50716890891846,0.939957986729381,0.175578692054193,0.712172001560592,0.910508151925849,0.0532589640121669
"44","4948","Conv","b_cell_9",311,0.00169761678620946,0.383342900079051,0.177684749299106,0.192686914942458,0.611466401484184,0.203851659821671,0.259617925808873,0.716074838709898,0.611105153140526,0.365174933704509,0.402751750967146,0.807764129984197,0.498384885900242,0.578016009398912,0.107487051689958,0.653877936994771,0.679356462512744,0.340675853151057,0.543885855019072,0.219194808606735,0.287424788736597,0.124392970684936,0.502139657500655,0.374626393269198,0.603657626056225,0.841018517651901,0.466220187589044,0.600834680343086,0.724543051373751,0.234313135503157,0.12016756396517,0.204586684088814,0.742335573494577,0.750977471256903,0.30770511806408,0.143874378623292,0.265211837770463,0.905076412481746,0.485649150732146,0.649879656794926,0.905460599181396,0.117198355516044
"45","5013","Acute","b_cell_9",146,0.00038858931432617,0.281221086749411,0.110094827403752,0.16579837868801,0.361351600831901,0.346437882249108,0.286599461044138,0.710413930482497,0.619089227702118,0.223768410103794,0.290007751532202,0.704413330805882,0.312404163447233,0.45221461194649,0.0848858735532196,0.219079310547102,0.617625128255262,0.294619135500872,0.569909720640348,0.100458335129072,0.292373852978877,0.104518941981695,0.341625226394781,0.330867684128689,0.517032276177793,0.675608733218042,0.519203918845355,0.746373331824976,0.635995378114315,0.214320618785797,0.098741067717318,0.190767857365817,0.520732812968176,0.681643155418162,0.33741689041035,0.135068750613969,0.413198302722712,0.919965840053401,0.263201003072067,0.632574562374607,0.903404344276665,0.0766331723643864
"46","5013","Conv","b_cell_9",120,0.000605439877297518,0.367923886001576,0.277730321089616,0.17979335564362,0.527637284952788,0.227463354869094,0.268563304313394,0.722197578542146,0.656309700192022,0.347396305597522,0.367941946703083,0.778357294890537,0.399649030263668,0.552158030700151,0.101041243651719,0.631618712611827,0.632190559025758,0.327990690789015,0.525996475837154,0.196048471008223,0.271346633841846,0.126230091777534,0.437444185054315,0.350228802687396,0.566209849688783,0.788962518390323,0.546669831815864,0.640692941342492,0.681209263831199,0.242977923593367,0.115297719082651,0.22370445373627,0.693496615586275,0.716411940545298,0.359761353074038,0.133072852095392,0.316110973730563,0.904820196905321,0.428490946030979,0.66535776806431,0.907317024911298,0.0972505177258806
"47","5066","Acute","b_cell_9",223,0.00110564623286992,0.290320813015025,0.117975708726772,0.218226917223279,0.458993636945321,0.406713925293524,0.25341301913378,0.659855225616947,0.54021931856041,0.188707401322154,0.295290900088979,0.681348594231767,0.329989323933382,0.446327617006567,0.0807947896874665,0.215740230202055,0.648599047540141,0.31270628894763,0.597164381962345,0.114229358642837,0.319713265544468,0.112996780860144,0.327058968221143,0.275897280823776,0.509447118042525,0.619410174993133,0.517062433389282,0.531206550145385,0.667794692909001,0.251696903766268,0.0792272995227438,0.208485306445835,0.486293743112962,0.554017318446924,0.306220933075842,0.183265230391063,0.399796587006883,0.905434743910511,0.275476311357337,0.643178693355888,0.881248041531553,0.0692179392648222
"48","5066","Conv","b_cell_9",100,0.000764035328993613,0.30405026884839,0.128768327096994,0.183047909850491,0.52726496891507,0.353702547324378,0.289254543011118,0.655132409074589,0.521821111429659,0.223291089952138,0.283116403650069,0.675848611596523,0.317008987327486,0.467671110383372,0.083601849404187,0.5043041497618,0.648136268174144,0.2930131198104,0.575526962092743,0.130156902435307,0.323909526149399,0.096825596683955,0.345396256407907,0.283642016310018,0.528638212838917,0.626119728724658,0.51821640236146,0.476873860279078,0.654176781639808,0.207806754104509,0.0650004118064721,0.18243449632811,0.502865290216365,0.592277914896998,0.322794339484393,0.17996862217141,0.387116208142039,0.898860871046219,0.306743303947465,0.639506781458284,0.881259082935831,0.0801438829003632
"49","5138","Acute","b_cell_9",81,0.000325094919689514,0.327363809991122,0.12983442828484,0.163414864980813,0.123482903445057,0.458728066878236,0.321737182970847,0.675034732258783,0.582409355610815,0.134803396237032,0.0888682159330886,0.705137369945213,0.189140551765118,0.209418637872292,0.0531878670031243,0.10882595153909,0.606830538235772,0.242601876568153,0.568757921620737,0.0837939362077246,0.32769592092154,0.0832074673521121,0.153930098230034,0.156368561934247,0.512673623062454,0.452335156300566,0.603738829167017,0.751003245897069,0.576844389128997,0.131395267749554,0.0744730754691851,0.127065668096613,0.149251130050557,0.495288400004313,0.15370333692352,0.137849653769093,0.573439833963163,0.899270734673962,0.209468361388113,0.677586522727262,0.8233222654852,0.0444515066410613
"50","5138","Conv","b_cell_9",63,0.000251095053427447,0.279992216104322,0.161465946157143,0.187633548150262,0.113183121986001,0.389348329444474,0.331843589211652,0.689743037849612,0.605595411405133,0.245906552251415,0.0727070087248273,0.647763895370626,0.21180870529109,0.251117692313161,0.0660596252479661,0.640510657238339,0.577689862065606,0.189548880116998,0.585510324087223,0.062324148508623,0.315378122248641,0.111358031036375,0.107688388215183,0.167487922852044,0.543939094523786,0.42160379557744,0.636618247914915,0.754049470562455,0.523202079387215,0.116326991556309,0.0527609841911137,0.138150047131948,0.148495028411016,0.532442568535694,0.11489088435974,0.0913529731711482,0.578852747495629,0.907227698081528,0.179984476787602,0.676924539538813,0.82384284567338,0.0336427618270981
"51","5149","Acute","b_cell_9",184,0.000604068929517631,0.32725857030676,0.117713861730726,0.173763896760244,0.423981794873208,0.353907037495288,0.264581271229869,0.664411595166488,0.647241965455274,0.212580599223183,0.284358752107669,0.723816611836655,0.336830103971344,0.514690878304731,0.0864546148954764,0.288608347475003,0.665220827651214,0.300278300891802,0.582651556700241,0.10497761385246,0.299190704100374,0.109272300764778,0.346140042225175,0.340174197227588,0.474387762462952,0.673126239353983,0.493787509562709,0.68856299271365,0.675056418105572,0.260111023251515,0.102479215353194,0.195796160488533,0.536321912685957,0.633594940176657,0.405592268054601,0.122598050689865,0.37877555599987,0.920577732743844,0.313473192839885,0.647929233968716,0.909671154328703,0.0733295023311112
"52","5149","Conv","b_cell_9",165,0.000902482647720001,0.389472533777462,0.111866539593746,0.208524809659914,0.516336178014921,0.209820892799461,0.22974791706123,0.702608837164793,0.655569169324524,0.245775084790351,0.395960633341062,0.778818954182097,0.422936260466829,0.605030023146841,0.0965158222777426,0.552132820702652,0.683424015611542,0.374038025927684,0.53539730847373,0.146473132165015,0.255137201357251,0.119728520724833,0.466196125589361,0.376937372274968,0.528186531052506,0.806278196119107,0.416132084384319,0.597840628669739,0.733946746771991,0.256922482514901,0.0998042836368902,0.189473040447404,0.732543466039904,0.69801074922699,0.372683868493508,0.117324660690292,0.250920439106424,0.905313867271343,0.461964715399872,0.623870103100406,0.912090876225645,0.112183755323941
"53","5248","Acute","b_cell_9",46,0.000313251207038618,0.299478691123261,0.104532098405402,0.170625539148274,0.322467861875425,0.328635631743796,0.177480264019852,0.738936749092988,0.636434436970955,0.234413381458881,0.288284475265112,0.72455140643166,0.417078574108137,0.486912072388263,0.0577454122717413,0.266210877404849,0.64223087834736,0.311993152206982,0.546625325619232,0.0768472100746758,0.227517713158537,0.0917454421558754,0.344385887859131,0.287862039801356,0.478197450431593,0.737489008633296,0.501484829858391,0.598875420901838,0.665709893124328,0.229316283965577,0.0992006900234082,0.206152608814739,0.595125274206838,0.63446507109157,0.359261448748891,0.0979248304988639,0.339417558439672,0.932964513328634,0.400825465277679,0.645119570763552,0.940071449951011,0.0708170641002392
"54","5248","Conv","b_cell_9",49,0.000255559727959277,0.322275627985321,0.169263107821946,0.183146054368101,0.54283201234525,0.213615730997136,0.253761843665399,0.80167044958885,0.689125650581595,0.293718769471342,0.226283194477729,0.843212266857831,0.382660537165743,0.424293471549719,0.087961973268228,0.645130534405641,0.602874753934289,0.247795639494009,0.499370675364034,0.143850914634242,0.373326815632092,0.138526466452904,0.363779309125395,0.349925385346062,0.590831295573675,0.698427413002947,0.513985612099203,0.662577436535801,0.57611825306253,0.255857948796567,0.122508016026726,0.202816939987487,0.584735718994668,0.680167357576239,0.405658273835255,0.137310610285769,0.277213500943137,0.918419448790664,0.31719133807343,0.612935921917694,0.929693890230416,0.0573360631908204
"55","5256","Acute","b_cell_9",1,3.79578667678876e-05,0.474240298474349,0.238477396084587,0.221099862581024,0.273749086804113,0.696682455039545,0.575979825578719,0.669103435010289,0.503209435804915,0.295400558137891,0.407840153220479,0.378503141787374,0.210042269661336,0.412247167760052,0.229320268894052,0.555445348231204,0.695282990297969,0.126004561833011,0.723572031490951,0.174349203266078,0.443635821576434,0.0234903340598393,0.139050383786806,0.1464960050667,0.50677042789719,0.350824491508967,0.78131868455552,0.741239648894315,0.545990357202055,0.0856255097889149,0.0658447992524315,0.100113940854273,0.354670939833669,0.598131816298431,0,0.206044785055814,0.790461281024698,0.937083928347224,0,0.740285738234736,0.921082339531259,0
"56","5256","Conv","b_cell_9",83,0.000342138240337686,0.371219205065776,0.221837120638953,0.199186364783456,0.607432957911004,0.255682550996582,0.285502651122372,0.817618706875304,0.683918149465157,0.40630578639879,0.336732298516381,0.840199873810329,0.434568306890627,0.550626762718509,0.112772305679303,0.671231183980866,0.682963294962458,0.324069990160652,0.575997328643606,0.187247897254565,0.323240565575143,0.125250756749256,0.410770980854446,0.400131359241072,0.628457457437799,0.748580757852097,0.547359331558252,0.721345194381159,0.732527725470245,0.256214607426829,0.12218897138849,0.216665174795165,0.651617429960451,0.714849786124643,0.311120448624823,0.159360774856287,0.340034506591875,0.911616954861513,0.336621465035803,0.69728505212588,0.917701667285022,0.095552101194093
"57","5338","Acute","b_cell_9",131,0.000485834764258879,0.33850804739143,0.104505998480466,0.178062223658711,0.435787663031906,0.293601902321553,0.258601444690037,0.782689267603439,0.634174465037825,0.230206582064165,0.337227043132141,0.819430732169599,0.405210644050315,0.52868339545583,0.0745122438776503,0.377076650941471,0.682005370396204,0.34055369474689,0.59938660006973,0.105556306155107,0.287765689607169,0.102365966338746,0.37447741746484,0.310761035442849,0.491274724801831,0.727307608815715,0.459404088294259,0.695674391999987,0.685697637080892,0.229706762956919,0.104067626607605,0.200126724146932,0.587783608521924,0.652873283596071,0.254009597168117,0.115932826424076,0.358457053757731,0.913804961503145,0.363930386151776,0.599747273830946,0.908177639123198,0.0827190608850951
"58","5338","Conv","b_cell_9",82,0.00049291287464384,0.356247373821361,0.0736588736441342,0.192665842138118,0.481389709959448,0.232194873994716,0.230416716675806,0.767541815055687,0.637773596399482,0.271602052744844,0.392016434509512,0.802636519540381,0.460220684126304,0.618909891152667,0.0930356616347928,0.63242752294825,0.682206357248697,0.354809649078123,0.566682059270778,0.139888321484572,0.265427400050468,0.105753426121325,0.460994738463025,0.356644764733066,0.518394043388647,0.803658090939874,0.429332735267528,0.603575173988907,0.729803525236426,0.247714600825011,0.097879735327885,0.216705382792554,0.720183960401796,0.691003692900009,0.262538874389274,0.137197067380945,0.291104564226778,0.895899436360808,0.523547687957875,0.55962026230111,0.902098940266367,0.10799358029108
"59","5355","Acute","b_cell_9",22,0.000348421019289855,0.25492428481165,0.088484608019335,0.190248030866369,0.234120678815921,0.449684447897376,0.267619740496792,0.776762362895664,0.569163094215537,0.148868954453776,0.140903673061814,0.758992033743529,0.228077658155573,0.224996642493281,0.0618316642378871,0.305648653023697,0.569516586328695,0.221297100472434,0.601814157172418,0.0461442306181333,0.29338439294416,0.125805425763676,0.148300309656821,0.206233864985876,0.556707968008785,0.457457347212292,0.533139448426711,0.658780462660813,0.490507556682478,0.194706588106846,0.0855042873680271,0.240521190647671,0.147094534613014,0.4955115926627,0.33626013477243,0.141535076295187,0.558932983495246,0.942293037164813,0.043923141674686,0.674269666807677,0.940118786381784,0.0322509090539235
"60","5355","Conv","b_cell_9",29,0.00019876219131889,0.28557220616531,0.175036641053585,0.168636249239919,0.248442189358058,0.426095144047898,0.281484147924739,0.808010765171203,0.589621798229563,0.181132307222548,0.149732161224199,0.736894680774866,0.170343978039586,0.29110742414296,0.0819299838275398,0.509863935390531,0.608541485696595,0.162788134373877,0.586495955681778,0.0842867121532294,0.294832254952979,0.138043021728326,0.225894711345722,0.282230394329462,0.548239100865188,0.484248950581447,0.530581725100961,0.66395049731464,0.530402800663788,0.209333902857492,0.0636793895581488,0.191026821014566,0.268413645460777,0.513837865358076,0.230491636295654,0.124269670787981,0.482308359683024,0.937286930577996,0.188733493234385,0.703703635570588,0.937395915706789,0.0527902895438577
"61","5376","Acute","b_cell_9",86,0.000260516064147537,0.335254731767866,0.11606408764045,0.172697369543228,0.339469721225276,0.353115326229546,0.267532889370193,0.763055252126839,0.587460851470165,0.24851852721732,0.11748318282556,0.791162636387171,0.287325742095168,0.294155800506874,0.0798196986928421,0.150486120756871,0.540735938189896,0.220971796401667,0.553437261061696,0.0873629945323551,0.248288685411851,0.109311174230084,0.201417263795545,0.259470897254066,0.525740286799381,0.524634933111924,0.498353039884848,0.733057763527057,0.496200778802338,0.214736507732416,0.10462981351294,0.209986580292729,0.234288718433029,0.492224963081856,0.388232515961375,0.137319481893251,0.403756483451222,0.92829386307195,0.205213615696293,0.667371536953018,0.926696780451907,0.0447854223386295
"62","5376","Conv","b_cell_9",3,0.0001765432825281,0.144248818005071,0.1821767109186,0.143897532260111,0.178347019119421,0.73872815110939,0.439678865415176,0.705181400976519,0.572772649180305,0.353575630968415,0.142980474971365,0.719428916710097,0.247955180081329,0.347316437641355,0.00918551640080582,0.436954024066954,0.653583562649158,0.260642530625484,0.680673314278962,0.0789313822861476,0.338635135191175,0.108242789318557,0.128180067628401,0.0860118431841157,0.545791858891874,0.488216647188808,0.817069935293994,0.579201569135413,0.573317782414153,0.348272145872808,0.136643331324317,0.426897604593074,0.110914599402361,0.512532185701011,0.327441032335652,0.135938380786786,0.793762279723825,0.955769839131536,0.071731023840162,0.785502270164772,0.931424912503313,0.0279853989037701
"63","5406","Acute","b_cell_9",31,0.000255261684397747,0.26715211280283,0.125739572155086,0.178032126252972,0.280397677366644,0.421687591928245,0.268563969549627,0.696439326862914,0.572325698795981,0.251997202484091,0.12114292026365,0.681657998817411,0.24126105049897,0.296733729890648,0.0984660207050055,0.139539092443422,0.587024232281154,0.309290670959561,0.574059061743748,0.153301144291411,0.364535448172524,0.136660410285839,0.173289658867658,0.233261845850977,0.573643890676385,0.508965594619502,0.514509792459302,0.606397974339883,0.542378884018759,0.256854856924198,0.0769971659529824,0.199312158870813,0.228791144699593,0.494041197720725,0.322726111508028,0.123657712540664,0.466020005368738,0.938318220492789,0.209723430746142,0.672404855028582,0.923676801396555,0.03014057771026
"64","5406","Conv","b_cell_9",6,0.000124729752203559,0.236166199092351,0.0723362846887396,0.190926138903103,0.365587872654188,0.235479487086575,0.379289288238486,0.753963153231287,0.594321714381567,0.34548853007007,0.112297357836994,0.730263484160756,0.237808387693245,0.324003623400403,0.137414680456661,0.560698346728142,0.483772066235775,0.164763362614359,0.522227818534192,0.150054644853072,0.310505490289974,0.217053800289488,0.334065777291454,0.360968725175615,0.563055590926541,0.540726630587043,0.56919869140967,0.558694380500286,0.392517377898129,0.157823703439649,0.0508978851011907,0.128461148966715,0.280270136941137,0.673537116216299,0.082525767765614,0.0790297189753943,0.425909189390382,0.920628927457359,0.21576114086855,0.642501753903462,0.928937422713625,0.0864976147045751
"65","5893","Acute","b_cell_9",63,0.000272532606579716,0.241775835053588,0.126027625122635,0.167752878546079,0.201379013925128,0.473294125663569,0.305673327091108,0.726945527211799,0.56650476603543,0.259061205892326,0.18242430619248,0.75672430894214,0.242156000104101,0.314605376527578,0.0675514122474189,0.229946988511262,0.608433587485225,0.255344423330403,0.654331804339471,0.0840498044817578,0.334650889383882,0.118714539019768,0.170348224053529,0.222574139451788,0.569384359017441,0.512536484290178,0.599573075886073,0.640880694757877,0.520295200750693,0.223425763905986,0.0650088494000643,0.173945832177741,0.215482200214452,0.54921856436262,0.262933624200663,0.113363431306708,0.55256279737718,0.946421182046702,0.0993900500541639,0.713334238362808,0.940269717065279,0.0384065407871451
"66","5893","Conv","b_cell_9",1,7.81983109164842e-05,0.135657459323128,0.00126163518698997,0.03023385355054,0.34338842547228,0.117930313136526,0.137520578959081,0.594137898216905,0.337904209798522,0.189364903479387,0.0230727156780445,0.655347494950148,0,0.317642969546309,0.232493723071576,0.525327759735154,0.431329979793521,0.285140625707938,0.42688900795878,0.211171164524609,0.155884111837473,0.0703951775915236,0.254769409645972,0.514059229835543,0.515806727621256,0.542554437242872,0.275612648219157,0.620128436826362,0.460095922169407,0.107829363345042,0,0.0867571622488735,0.449557677339533,0.566384115612336,0,0.00202458860035929,0.140543169687796,0.905980254832391,0.00222668100568933,0.499071865156704,0.906899737590046,0
"67","5966","Acute","b_cell_9",58,0.000338642626932598,0.225698740607091,0.160088367625393,0.139546101762106,0.242291592625369,0.432653985851992,0.263108070379298,0.681091533606075,0.564321679107267,0.233141917836829,0.128488479215207,0.744513880353528,0.184978526938999,0.285738199087459,0.0717726891213583,0.194534642583966,0.592618809609617,0.245783848467205,0.624987786251083,0.0914520951275502,0.289404784280663,0.123248228052431,0.158910911365437,0.237108181656147,0.539275169462858,0.506814599698784,0.56956742140059,0.604523755796083,0.446716835746689,0.185354003583632,0.0541923677105754,0.193161308932789,0.187317683166031,0.531928097814171,0.350604313299513,0.134475324221043,0.51708143942909,0.941538998807469,0.0993950983840116,0.716651676208896,0.934013217160057,0.043346200593639
"68","5966","Conv","b_cell_9",31,0.000164685132651218,0.245059936195327,0.144556689488268,0.163671764972135,0.343862629264539,0.504174249109656,0.294745677500816,0.691179998957364,0.641969809018055,0.266599605054544,0.156381405573383,0.749133593867896,0.223324865275276,0.319426899170207,0.0649047802312211,0.596758725090815,0.606896664899732,0.184726027043083,0.630073671183382,0.131674635329415,0.345972049090025,0.202330110829199,0.215133699251952,0.273186412679503,0.595112601710537,0.490522130564778,0.624759810300075,0.6606974734401,0.51401441767043,0.230525794332036,0.0789479325928893,0.196339103198151,0.23707894852294,0.612445353159403,0.304929033047663,0.170455909541565,0.555424899516836,0.945203043137411,0.0775607853545873,0.742153406041051,0.940857722791395,0.0442491440089036
"69","6248","Acute","b_cell_9",60,0.000375304935259899,0.28935763518597,0.146051227229598,0.204769221337309,0.348569251275733,0.418795770045304,0.288245504623682,0.768757772248282,0.598476521946338,0.32575445000086,0.151887636750155,0.776871840974646,0.237200430197011,0.342048105753747,0.0711106731483206,0.346733624519231,0.591630582750856,0.252534284468134,0.600874760765697,0.0884085698444637,0.292771629606465,0.116087281051714,0.212279858162126,0.252714038614149,0.571054313948097,0.438086338611418,0.606392909134044,0.692366447335209,0.466931691307304,0.206176086162311,0.106611238987709,0.179282356294523,0.240787074820426,0.57700975473565,0.208818143408873,0.132556722639905,0.505482648743416,0.931516037677429,0.166757216347944,0.716366420643718,0.929554342657321,0.039044883399129
"70","6248","Conv","b_cell_9",29,0.0001287218365499,0.303288275974051,0.127227429304994,0.243100568019121,0.418817375736019,0.404808827015127,0.241620637579745,0.758222900293591,0.664947703699031,0.283466044606359,0.147624641441847,0.765213442976412,0.239849335363725,0.342152966498035,0.0977738893138081,0.619068675933979,0.562370718790907,0.234256150122386,0.574434897214339,0.0904012752336961,0.262519664026062,0.163990886795417,0.247676851762385,0.314879784151655,0.595576576045216,0.518735637185458,0.541908527289477,0.715912605508211,0.51607497254287,0.218587165863064,0.10584748409458,0.162743085328881,0.313897730994965,0.619080733290182,0.290870730260107,0.17795882828247,0.44360948796814,0.930839841721204,0.199705529434805,0.661114523557357,0.934646267841714,0.044393031304472
"71","6558","Acute","b_cell_9",239,0.000369496016709259,0.163359143154434,0.142144180068698,0.114722047892808,0.115812317594114,0.490935400687457,0.324502964144519,0.461697900346352,0.507399418319173,0.165706676683871,0.0674405716027117,0.349549728357381,0.14655091258778,0.400325942372902,0.166828216123862,0.13032565493585,0.582757751302772,0.240811409531725,0.607220879710633,0.0725922444661494,0.343280732407151,0.116537891341746,0.119615682105989,0.12517741014459,0.538964596577718,0.259907808761963,0.644866658556231,0.763443511424922,0.563510398159547,0.283063364711856,0.274419061613832,0.124069115136384,0.127857964296731,0.321650452539483,0.199769284005883,0.13803211923209,0.643957011961946,0.905428813388724,0.0939759193704748,0.678137895829249,0.812132856536712,0.0230051357987059
"72","6558","Conv","b_cell_9",83,0.000279231876841921,0.166891418987722,0.139949588449266,0.0941102289705858,0.0865835241064989,0.463701821974122,0.367766458640306,0.492950388491098,0.506156809098491,0.146280694325773,0.0588332478208635,0.397651151892334,0.133630074898221,0.348512694382261,0.202501987829987,0.20103177695254,0.601134494990581,0.194838709540775,0.60699588129136,0.0739395267043037,0.308198285956222,0.120917324961775,0.071834374891772,0.170886416101281,0.582533856715001,0.267873575430739,0.648170662200152,0.688569530042615,0.54483284323223,0.287629371825903,0.27265280202456,0.119446402993668,0.136714237887607,0.315303124345533,0.186470267721065,0.107227678255438,0.64947416711741,0.905350861361282,0.0807584173924585,0.69189703887645,0.803779269682823,0.0318140169494029
"73","6563","Acute","b_cell_9",71,0.000304846632088758,0.217536563267199,0.134793212520721,0.17070911343215,0.272664741656409,0.482457244142561,0.31031119794388,0.723105975812345,0.608933427945393,0.242142337910105,0.15333305222884,0.75678822681519,0.225482796406827,0.331635849801742,0.0595861623059095,0.188519324610218,0.579728605614918,0.252227296384162,0.64357465205199,0.0962024879084352,0.342300671004449,0.150222981318479,0.169100715775383,0.253134355055782,0.604890963947174,0.526550720742571,0.647165409009613,0.745748684950612,0.500769305215463,0.243586834361449,0.0911497846565818,0.147788540244349,0.188663566278273,0.593961205583184,0.272904178139645,0.117348317206935,0.615644817473051,0.947184016658239,0.0536665118831156,0.727837934535506,0.93586945058769,0.0247246207122225
"74","6643","Acute","b_cell_9",24,0.000151927581186301,0.313695423300758,0.144860856149301,0.185575878731958,0.265440801066981,0.288859110737751,0.301668578898482,0.736900498497141,0.56111619893197,0.218385017646791,0.148169227101425,0.722721955560943,0.278218387276392,0.304535496996481,0.083123349397882,0.183819255298556,0.520398442755984,0.194486897399106,0.52166652348301,0.110437921901254,0.250958090626754,0.10473211811123,0.189320337171582,0.280917406583048,0.525512447527736,0.511731108316889,0.445582491754857,0.607274629110507,0.448293443697599,0.215245924274892,0.0916913995634581,0.117928994042026,0.275083835692375,0.485164587987959,0.302825281244087,0.139019723359494,0.39574999715584,0.924993538644961,0.15829041210749,0.65251286013306,0.920593364206251,0.026808408833849
"75","6643","Conv","b_cell_9",15,0.00014172335600907,0.670342376812086,0.132440517705029,0.21904696212199,0.400885571085234,0.364308352612826,0.245029432984577,0.724129078983462,0.652103269550991,0.290683857453107,0.147784988751283,0.769409387474815,0.277556887483279,0.36022813500418,0.105892837746215,0.617657239085847,0.511974355920154,0.265919795248661,0.505968184096049,0.115650380160007,0.246072775967261,0.142549162946497,0.240722718155531,0.297884675818613,0.56841888660914,0.540844943674644,0.545396838607557,0.574671151308348,0.518178465068937,0.19033624382016,0.126746624756214,0.209399407043044,0.389604784809173,0.605909723726272,0.180213610979081,0.135423870795219,0.468258585779369,0.925046122582021,0.477540200937684,0.664710318471051,0.919369115160138,0.0622296121377847
"76","6669","Acute","b_cell_9",33,0.000114413302453299,0.420331369078678,0.12571477628504,0.199442000220493,0.295327925395517,0.344046156020961,0.273392318613907,0.71527001000964,0.599370803131436,0.252869925999177,0.188847303214648,0.750986361965461,0.371013667843502,0.365328096944442,0.0904118992778222,0.220210222722291,0.583993675198255,0.244278130177612,0.575384543115417,0.101973227178702,0.360194558673565,0.17984872467266,0.254788288148851,0.301662663020664,0.536836636276889,0.62361669467237,0.542740943050533,0.765032197514707,0.522211042595115,0.244958783984092,0.10083019277315,0.185293463376284,0.319206093480086,0.554083670528671,0.45386666763908,0.161071369879806,0.455679339743474,0.94100282900078,0.344035282379156,0.731360069283628,0.939322305619347,0.0268552123523398
"77","6739","Acute","b_cell_9",31,0.000112375028093757,0.614959067171455,0.0962951193780106,0.245216592995262,0.265252919541922,0.285091850018406,0.267940173657673,0.760533728233718,0.623465512978989,0.250551172895491,0.171199210192579,0.759150455143996,0.308525118537658,0.400043622484688,0.0955815335488692,0.259666240223179,0.544040407258478,0.237456413276553,0.500336713811677,0.150705377588691,0.237972360812809,0.124065197684044,0.256924033146077,0.354002153895394,0.557574379497745,0.624639877185902,0.459872511192427,0.750990461407325,0.543600951624034,0.243528235164086,0.116822918072652,0.214277244073055,0.414510147751287,0.647579811226185,0.294206358440728,0.167575156498548,0.335742772232604,0.93189056386803,0.581474328712541,0.625781777464322,0.926767039782581,0.0512154013613704
"78","6739","Conv","b_cell_9",8,6.75151065050805e-05,0.327383585252293,0.0865935443698356,0.149812175227395,0.413038400029274,0.350504897115195,0.252643976605666,0.773683051754341,0.588576589222862,0.272077726437475,0.129235318371109,0.787833883941064,0.144761528647948,0.313766620593803,0.0484979261749139,0.584814338714701,0.519794267737514,0.321881916400292,0.55567002905,0.146952456720252,0.189470909866959,0.148326267077381,0.284284609666635,0.251658116843474,0.597309998017838,0.542763810144213,0.552860341813745,0.619924568635898,0.546026827583625,0.164748271400006,0.145923298209074,0.246241874222592,0.335849538111807,0.669306620592053,0.236492320713887,0.213412016133211,0.333903706955285,0.934927287029762,0.180153393794128,0.692026263581407,0.931146252567341,0.037583173980814
"79","6777","Acute","b_cell_9",58,0.000243414177616807,0.341710747372651,0.11405879593897,0.164397290980861,0.222798406764013,0.428734866936501,0.286668448484856,0.717881581571794,0.61585092165818,0.206364944160401,0.152212101979597,0.761064503218217,0.272662145650538,0.327306308472863,0.0479380005636969,0.183718553192776,0.613459425503943,0.227687638147127,0.639578498788138,0.0792965457551556,0.381931158859696,0.0985059333002018,0.163157202443472,0.227557433929721,0.536834264281387,0.528937314075147,0.56184653925073,0.723585816588154,0.530263932294326,0.21607166878861,0.0812407012387528,0.20791803190491,0.24671822293966,0.546861527484498,0.184439393109694,0.096106299535609,0.545094455999619,0.935993127542229,0.247855386018483,0.675415488980634,0.92803101482332,0.042573200090105
"80","6777","Conv","b_cell_9",4,4.0083775089938e-05,0.295253882892418,0.0541965962891501,0.136643951282104,0.155536201243642,0.370110621492618,0.329874650499497,0.671599740741995,0.493066354430816,0.317393969301977,0.0240310648444637,0.662584139963868,0.187538868094453,0.192656070121434,0.0409122237455846,0.501844229480432,0.487437977939752,0.0887171174064941,0.572516847592216,0.210242256655644,0.172326093452285,0.0363250244364161,0.209279578712185,0.175499112493674,0.520234265872204,0.492362779177795,0.494070782617513,0.607876555818049,0.411898068087644,0.195923837627916,0.0687470913376619,0.0340763172866783,0.114462645553502,0.617348985965082,0.297634645092997,0.0270846603493441,0.416631848679769,0.939985833572556,0,0.646788762092499,0.926003780346227,0
"81","7119","Acute","b_cell_9",58,0.000199209344979066,0.267252795711678,0.166112448236987,0.129333718952635,0.102024275905587,0.472307378316618,0.289890795988688,0.660254152820717,0.554324232295124,0.178453486788947,0.0657852636804692,0.616295992464457,0.193792096923716,0.227300672772977,0.0451976347630921,0.153608030252449,0.602249497972857,0.260248991880325,0.602136320935381,0.0586014821384077,0.373113712531432,0.101901365263648,0.137189883754616,0.1328949132963,0.509820581051314,0.429863294062692,0.652585907811863,0.776441818528122,0.580698205730753,0.122308585901233,0.0638988424000773,0.085931110258902,0.146373642212353,0.489390711836152,0.139045739977632,0.0578744218175354,0.632865290338388,0.904982806292972,0.212206908688031,0.689902900401242,0.854789789261302,0.0416136161352889
"82","7119","Conv","b_cell_9",18,8.51039686817395e-05,0.270635646334126,0.243349819920602,0.147968244291804,0.147661091177129,0.385529758354103,0.318467517827186,0.736446429967361,0.550803588026456,0.313435983585081,0.0779342315352439,0.680807979539247,0.148217914123566,0.181810388565994,0.139817031361757,0.563735435959452,0.584685361347423,0.196536668357029,0.607456727090907,0.108171057497197,0.336259092472936,0.132502611938107,0.140468099237194,0.231127342202625,0.616960323936086,0.438212951304053,0.687401392870122,0.74319601268072,0.569430190335471,0.117215970810549,0.051284187797332,0.188205164729143,0.130602151709403,0.494158212839098,0.0511013228263529,0.0684686110380825,0.593784262146562,0.895876199190065,0.196236385008589,0.72284895712697,0.840111291562153,0.0266179304009675
"83","7127","Acute","b_cell_9",95,0.00033822272856736,0.235077384953934,0.176011862749834,0.123322518812164,0.155108118139615,0.449661786033992,0.321013009272539,0.670280345277179,0.593737537434824,0.296503125678674,0.0757083302898235,0.675332004303134,0.227784379696536,0.272105157379782,0.0811313405487213,0.628821459953428,0.591350575376947,0.23677942764281,0.590416129993422,0.0746975188627335,0.355161820265687,0.100550168657813,0.125828411581778,0.158270108261664,0.528378226284735,0.41382868094035,0.72846722734311,0.775009010390292,0.574274243913524,0.131996303502522,0.0802966185823741,0.125889659975135,0.113765357005612,0.558899607909417,0.135246134466766,0.119441439340544,0.634870606624113,0.906291856198798,0.123913600685856,0.73797266599189,0.856008364645959,0.0325115846195672
"84","7127","Conv","b_cell_9",75,0.000345792625856989,0.296932698641411,0.115544848504888,0.140572074800788,0.140769848027999,0.407198290954895,0.344011089144266,0.681165683808211,0.509824022721642,0.230255625963225,0.0633163679104207,0.647944571028291,0.234722485346453,0.217364545776935,0.049213000934922,0.575493481143505,0.578244312741841,0.216728240962928,0.554782485088649,0.083431922816241,0.297545580792077,0.0988650689346465,0.140110102174774,0.186461192961747,0.5292382328268,0.429167457091152,0.639077816583691,0.724831604235146,0.593012394238792,0.158526099706796,0.077490033541881,0.0960751842232924,0.1546983621876,0.478990350563735,0.0890809573931116,0.0829175086745444,0.598811367939114,0.899479589430109,0.206961964821677,0.658491629939797,0.847254922862129,0.0192309981584989
"85","7134","Acute","b_cell_9",48,0.000196519959058342,0.249589805424797,0.183549783297016,0.147598176051899,0.121106635964122,0.467422747546955,0.281382817157023,0.614919030411249,0.524869388715413,0.203310079582233,0.0659770777180896,0.583204718197469,0.184123451844025,0.192531397973911,0.055106585886548,0.164402415261878,0.613895116421198,0.257043861016195,0.616401598981756,0.0926564813809474,0.343247859091833,0.0986507779689168,0.114570968619139,0.132282981037918,0.497971254012613,0.401588243171469,0.624639266023157,0.763655367484283,0.552856092571773,0.161022284809032,0.0565874210582871,0.109229165237287,0.106358207277397,0.461462516166886,0.12898995987214,0.131568940548207,0.643941057993915,0.902549644965464,0.180780884709896,0.703234858155742,0.803031964995244,0.0233543674310204
"86","7134","Conv","b_cell_9",55,0.000184741680746222,0.324206943143651,0.133530680900419,0.177595259029165,0.199832101069143,0.399033276734876,0.327979386351381,0.684795716659625,0.56889311893904,0.209402959604586,0.0940638782990134,0.64350311754544,0.22338935889466,0.190232853688201,0.0714201418487314,0.622382601321984,0.596309504350723,0.219987568503562,0.58843583866079,0.092501798310946,0.358143386782765,0.123343910317283,0.0975965155506985,0.192916595293147,0.55996958805816,0.425530534138457,0.629210959663304,0.762142834290296,0.54125062310378,0.211169590494714,0.0736769090842921,0.155550072404706,0.160242974134161,0.583394049673455,0.110128240476973,0.12234892450875,0.607493218865994,0.897711058240588,0.279992132962352,0.681506266539778,0.815346554237212,0.0332255664401831
"87","7208","Acute","b_cell_9",28,7.86265072420629e-05,0.325386671385498,0.140869651484648,0.175583179077268,0.260357363419516,0.408412047333099,0.31018733928136,0.667903242100901,0.564234378162398,0.243509141295965,0.093149026189363,0.743073323141054,0.238539330619893,0.28360356788458,0.063522256522679,0.192287798573087,0.54295959478841,0.224981849149794,0.610995135544239,0.0562793166410341,0.327152578053365,0.123443829487875,0.138920715586021,0.261284573725231,0.54127644155219,0.491687652060207,0.589569576647962,0.778954712076628,0.522046553429872,0.201244889155112,0.110851843419501,0.171359589993938,0.205235897501995,0.598015559035493,0.194207383780976,0.0964321085286205,0.57151414576695,0.941597120059353,0.23099427545204,0.724919945059164,0.921453801670829,0.0436006568167104
"88","7208","Conv","b_cell_9",4,5.94141762224467e-05,0.573355777721947,0.201420961639599,0.153170002209336,0.29302718338351,0.467873792256616,0.448352196740241,0.783428561831852,0.609898538703626,0.2338117716204,0.149609803089205,0.883955463698224,0.382208494821543,0.317849904966188,0.0574733404722357,0.649465083995754,0.564552212967689,0.0886827783999287,0.580903635969005,0.145945815605412,0.226907116455601,0.262994518498405,0.271783395361949,0.270078905460693,0.570290304362264,0.59185163610446,0.622795879931495,0.602659619131407,0.456047436517113,0.265279737287745,0.120280524135394,0.13609963309727,0.31401283637011,0.653239547545111,0.318802792984276,0.107684553716278,0.587070191935418,0.946661129721895,0.443817949678438,0.725166391625576,0.938072407813454,0.0604546379882487
"89","7253","Conv","b_cell_9",45,0.000366757133426245,0.157169423184326,0.100908558156424,0.115999338395022,0.142730519140375,0.432586557142408,0.343964148107689,0.683742482778872,0.663836685018035,0.221011325915681,0.0757633898595925,0.679108833804632,0.214517378541599,0.220609633805953,0.0409650098348346,0.586568575920902,0.592324087470488,0.206721459650866,0.63514386056711,0.0502432029263043,0.162406698492051,0.0808335789403148,0.0982473310716922,0.168455952252129,0.575122157905451,0.427532792973505,0.645261011805664,0.747931017828863,0.523509573477704,0.119345545989733,0.0935577106437677,0.112933776089981,0.127539582240054,0.580529434766961,0.209721840115163,0.0895702630284937,0.650449964200988,0.931856822931264,0.123028184945154,0.682072057774503,0.872896851854496,0.0340483388283926
"90","726","Acute","b_cell_9",148,0.000528926564979343,0.163888093239825,0.108287262793688,0.312705530528483,0.0734679874148304,0.560029268458518,0.28715871687213,0.539542181030864,0.395353592109479,0.102108583940322,0.0846180875692523,0.507969635365101,0.134924542658163,0.20572035949551,0.040616019912665,0.11266359268247,0.58030964980033,0.225758393413134,0.64071069672429,0.0869194898983779,0.334741604686426,0.104176739043931,0.178218344089457,0.108387846528577,0.391835132419662,0.249450004149112,0.57680019058789,0.63901935913457,0.540493549651421,0.143965223252564,0.0361842227459326,0.149040648987774,0.0760271538469502,0.387486749168911,0.141881769673477,0.295872536082809,0.603146784341138,0.937328752640957,0.0541028880236515,0.631450603470977,0.862726945811464,0.0158332770089567
"91","7320","Acute","b_cell_9",103,0.00028605151704506,0.210504347920352,0.115774134070282,0.107864809086067,0.166567811313856,0.487958034185748,0.314119304081132,0.708668723992827,0.682971999576234,0.162480179256118,0.0908955795650833,0.689901031486982,0.197826245754011,0.229106961912253,0.0509859947533374,0.157490409277262,0.60609148281403,0.261412874225848,0.586622498470553,0.101195467406361,0.209060989177688,0.0898462880920878,0.137874081174478,0.21771485647948,0.543320387837654,0.468763337931974,0.615745420005126,0.765653396782597,0.548661104041384,0.145914535833028,0.12174629030592,0.144336426280321,0.176613104963423,0.528255157878098,0.184046071017248,0.0776035362178209,0.574759822950259,0.924556942449894,0.224424402509614,0.692183717848195,0.873374138336227,0.0447131587337011
"92","7320","Conv","b_cell_9",26,8.76208578081979e-05,0.258213108898591,0.14377724914021,0.107523887737256,0.165837256488589,0.414147632319822,0.33133753836509,0.676618856403055,0.673121326689999,0.203179554793474,0.106937308219097,0.656537425047644,0.211005576210371,0.267323634122471,0.0382819226967494,0.667271314211071,0.587007780268437,0.279863879934803,0.601374904852149,0.0760294975027607,0.186280374270934,0.108589962124952,0.184804473119632,0.237641409150375,0.580907995443636,0.456954202969822,0.623592240177279,0.748902874108342,0.541437621116601,0.201357013994201,0.130421700110995,0.105788309354253,0.190344779172706,0.631246239157091,0.0629273095150917,0.119983581948666,0.559292046580135,0.914048281228303,0.276460442546957,0.734418832512542,0.865726425400665,0.0508446112580293
"93","7418","Acute","b_cell_9",169,0.000360665673591163,0.196406764744368,0.0754337763233082,0.113754122248842,0.0944526432138653,0.497166735519845,0.261302373925238,0.658976632923153,0.594764445947597,0.124137514393445,0.0699674201167324,0.655372748182425,0.163283238747479,0.178437994608856,0.045088319714563,0.0822483990141725,0.603731603016232,0.207002155949826,0.622537198780843,0.051569210637529,0.223602759952309,0.0769584819135791,0.127614688032971,0.166277212178744,0.511983399304321,0.431462041959399,0.609136332124092,0.747725399951706,0.53944195146916,0.143674141312658,0.0829940441326325,0.117867931503461,0.12223880247611,0.492335035319358,0.123785937661122,0.0685526899971496,0.583626704452287,0.931139824376971,0.116204727371736,0.669934315847008,0.87208291029566,0.0312738188246972
"94","7418","Conv","b_cell_9",35,0.000131912199240186,0.175818341990164,0.105572198609782,0.0882585962421791,0.168785615414143,0.370972369712693,0.274315832583926,0.627981684436922,0.628673079212134,0.28344832864639,0.0598481698060969,0.61949593299826,0.131915050923587,0.309957600976557,0.0409270791318616,0.620184348931421,0.570595712342708,0.21733892344824,0.627361710482927,0.0425244510741601,0.235528474742423,0.0821100260978609,0.10639736769464,0.124837959021937,0.559041243882538,0.397114816497043,0.675153601431525,0.651225672931703,0.528613138615373,0.186881047913793,0.0724597898782513,0.135709514206241,0.100853210096289,0.582586953906418,0.0956155974919114,0.092577707920944,0.472438673482162,0.932353076612444,0.0999349944993698,0.709382781372309,0.87946660979217,0.0273249710614201
"95","7434","Acute","b_cell_9",123,0.000535152561988505,0.176679100728153,0.111230606962055,0.127203586528497,0.114106440458906,0.538334079718469,0.300831441345505,0.610090898461816,0.60653477459998,0.187413958802572,0.0748626700489528,0.649015791506677,0.167683046791393,0.200230050691908,0.0568615788081632,0.141199389295327,0.592502452301537,0.271062081871967,0.612600862142477,0.0649101831455484,0.219821662871821,0.0798921266018489,0.0799943709854291,0.152996700676049,0.520175047230376,0.412578245986581,0.629890347468109,0.704674096254369,0.534860222975812,0.125178006504108,0.108283709107914,0.115251522453877,0.123138934696151,0.509892359439595,0.206229220105988,0.0609015477754999,0.655019419844098,0.927183854435337,0.121975368862302,0.693747429257852,0.874792596328683,0.0268046036903517
"96","7434","Conv","b_cell_9",46,0.000289521220017245,0.166649262632415,0.128279714772661,0.107216314417214,0.199529609760824,0.503303422298184,0.338011900873948,0.658577322310537,0.629255484412398,0.21277838961054,0.0557917067197478,0.71772936305081,0.177135078167489,0.183606017732276,0.0413374833383433,0.543763542812151,0.557309846486799,0.267448561061338,0.595444762178977,0.0693809620984708,0.203733782910116,0.099035298514037,0.0917970888777616,0.128511310883119,0.54263975684422,0.366709545586731,0.614712111027945,0.67022553387603,0.495584080716849,0.116484979700042,0.0878229652321092,0.105989488046346,0.0901740560699544,0.535640981866678,0.114900115385234,0.080037775154528,0.620739616579941,0.921502724308935,0.106800928136768,0.675980609429038,0.867680925425205,0.0250492444023991
"97","7444","Acute","b_cell_9",136,0.000581813203737294,0.20557042422885,0.116366322546652,0.0952505030414429,0.120999265523495,0.550236754748057,0.312717933039415,0.666919503992489,0.628813700342903,0.196242835243675,0.086179563359097,0.640934342405688,0.182315338446908,0.222467858913079,0.0510189413495715,0.1591554929772,0.615442335406654,0.262366801119802,0.623843676533475,0.0866014347732698,0.266467673780541,0.0920364859921829,0.0992286847273571,0.158977846151079,0.533212669358788,0.413188069998698,0.63425091392393,0.710090804173268,0.568587583389456,0.163925194720647,0.0896088653672051,0.148154648764744,0.109334266784839,0.561365179544469,0.124975216188155,0.0776009912111316,0.652613521788082,0.934680422155759,0.160164009187098,0.707570702640028,0.871136894605372,0.0344390123121726
"98","7444","Conv","b_cell_9",23,0.000331330941988274,0.24352035412835,0.156435280110279,0.084526108077912,0.124333922687943,0.548203766153045,0.295746981471007,0.683948870212912,0.632394065348207,0.301207505331078,0.0738339206328038,0.659243413350219,0.206186396563395,0.281917940067572,0.0611816071206456,0.663766063638894,0.620271816583758,0.225586443927297,0.65929674835571,0.078113447243258,0.23634499573309,0.0966244073415929,0.0432114310722056,0.117578499176127,0.566850442874698,0.365336632767787,0.729880271100758,0.605971077853569,0.578934946971751,0.177694300801143,0.0935115352880007,0.188564220807757,0.104510740164069,0.580413675751104,0.0664469801022409,0.067804239932615,0.696866731575068,0.945207378057843,0.142673036830355,0.735151130423812,0.874154097885849,0.0407571391261214
"99","7487","Acute","b_cell_9",91,0.000315794587766604,0.16938594158333,0.0874852297326337,0.0922778665669515,0.102592012337878,0.522676954884105,0.277380802029736,0.485173082743894,0.568699068850882,0.197666823696505,0.0902423990634623,0.556551029013171,0.213258483504927,0.328496454383083,0.0737430402967051,0.0971809001649958,0.598198818270804,0.330611944263296,0.623484533330394,0.0400892063748323,0.253475884411429,0.111495958600128,0.115864797590664,0.16784055802162,0.542322576640463,0.409406700962294,0.606182506480141,0.672792585362495,0.568063730755074,0.230538805027253,0.183717291593708,0.139549219000046,0.152784992844267,0.417639041544549,0.177673795094204,0.0927482827786806,0.612609007094431,0.934587319019946,0.100625524552214,0.689465594439927,0.873577021434426,0.0270012775405783
"100","7487","Conv","b_cell_9",53,0.000173972984949696,0.189022184371826,0.0884355964942735,0.0896130749298712,0.158274812675878,0.428272508089245,0.258465568248184,0.476706804665661,0.558855946896671,0.178188135838961,0.0906034883002459,0.478707836434029,0.233431835065535,0.375032160044194,0.126443933302373,0.392981724360977,0.587727971642522,0.299091743209153,0.625230721630421,0.0899656524081915,0.202121632843335,0.0840477481275452,0.10580844308686,0.151455444887704,0.535593341071033,0.328623445523957,0.53527751876164,0.650535336741494,0.566623339020502,0.227934853784874,0.296549106832935,0.105307377336119,0.191214346404482,0.369533431282231,0.115205228810819,0.118690736905592,0.527321885446272,0.916582246238781,0.200870740859091,0.676677439497098,0.854361165039963,0.0282341078230311
"101","7504","Acute","b_cell_9",155,0.000173270896190611,0.257725759876296,0.147520205462306,0.129547188174753,0.0994273568993937,0.514972396587334,0.285154773919441,0.611228105279727,0.595772515381629,0.225479390636381,0.0510055400011475,0.636358965454463,0.174651353743707,0.185732148476566,0.0467278095072966,0.147101229419996,0.620713287888075,0.281803929808123,0.609993053116152,0.0531407884232523,0.369967962378406,0.0903650289179009,0.0998037925616755,0.116926001322075,0.51613291795459,0.395164699332432,0.665142892282725,0.811722358432076,0.558062660558944,0.130698152333026,0.0810535946582357,0.103265482281757,0.08884488375419,0.524175746004269,0.10586963596683,0.0863395369585693,0.648128842809073,0.906524212421871,0.10875009035798,0.708121686919261,0.839728534809855,0.0325579219909002
"102","7504","Conv","b_cell_9",32,6.31280750277172e-05,0.28406380226091,0.18173361381516,0.109353555196169,0.10946082105711,0.526186076034271,0.351393550876437,0.539826531887653,0.55225638342863,0.328065686791124,0.0776545796647952,0.574462597569641,0.147961879493885,0.271914410639566,0.0527964663326412,0.500778849486689,0.636780156836504,0.272537317468952,0.628261412942804,0.0441820860141147,0.353751571710295,0.0954461239760773,0.073994480445011,0.163917951995802,0.570942115853659,0.370863847902542,0.730661868486301,0.751828904435267,0.587969624146974,0.136965553302734,0.108600918428782,0.117461634959628,0.118568802726267,0.520712261886229,0.197006148806461,0.0816075965690522,0.676338819654821,0.911513211571801,0.12114106655595,0.739339466363717,0.844477643970556,0.0320958320158086
"103","7543","Acute","b_cell_9",79,0.000174253302541231,0.180093361197167,0.0627412850748287,0.13578487846715,0.114036137423983,0.511992598990201,0.290893922887194,0.515761196578989,0.633250277246866,0.173295957601725,0.0800493727902396,0.563766335632038,0.176025072554465,0.310948286622892,0.0408515071890126,0.120615873631977,0.595471818152734,0.29478643210151,0.601743871692693,0.059753726245926,0.232112005546858,0.107483387558486,0.13547836638147,0.139966209252471,0.489580821986442,0.406689813096802,0.572246159047706,0.724796584608894,0.554509805598671,0.130514154671543,0.0850204214395673,0.128848786754178,0.133692329871597,0.550389019794857,0.185307421276705,0.0646313862845499,0.563962230301155,0.933275704696965,0.126399834400039,0.674805792639367,0.888099506315942,0.0355542611549952
"104","7543","Conv","b_cell_9",22,0.000254865616311399,0.529943464414094,0.153265900585547,0.123146731074242,0.283149526491524,0.148002979983477,0.182872991788836,0.471093305937818,0.681382597781952,0.310784867121419,0.162921025276363,0.584639815447208,0.287830374248136,0.407978415975845,0.0786694127471674,0.601133627745503,0.530943325499112,0.238978773667128,0.416953969265909,0.0496862561840238,0.156406555517718,0.0680330480824571,0.263958571037871,0.257484494510931,0.490685376923368,0.653928005417365,0.456929758392288,0.504719193691923,0.652677729135666,0.116206790106865,0.0650224193719533,0.116439657588709,0.470326489998393,0.595049416846605,0.115996325579292,0.0994360716984085,0.165172590784021,0.894316362083358,0.881734716016716,0.716345689673014,0.879755026297181,0.102224556995387
"105","7612","Acute","b_cell_9",138,0.000318022178590194,0.229930520589906,0.130712609195418,0.120016649644266,0.19633389967089,0.509342971831998,0.269645021263052,0.597790967586546,0.690272061887253,0.252376601314032,0.0913082690780092,0.651453772413411,0.205398775370422,0.278527707428773,0.045747518636048,0.582674162019106,0.600885333067005,0.240611341569212,0.591862647189732,0.0786627326152575,0.216392996612185,0.0915610532999788,0.134932523129138,0.171913618417094,0.514039496675829,0.423004365212763,0.58906368359249,0.761568968352017,0.557360621706813,0.158242883255172,0.115778449954043,0.17960455311988,0.157120779903944,0.575026307632614,0.203472805866164,0.0682135052897595,0.60496915639622,0.929605765215062,0.163873881838027,0.684911545500898,0.879832274226747,0.0387369867452157
"106","7612","Conv","b_cell_9",48,0.000159119538553338,0.271591618296848,0.117028253370634,0.111074215812324,0.154939011987594,0.472826831132503,0.264417412295751,0.666288829084146,0.67555350631125,0.172894669181409,0.0996175594618473,0.668397849466564,0.208295901326724,0.226251544120024,0.0632122663854285,0.552222910844108,0.594996650067969,0.284911751580996,0.58651996670456,0.0784532223914996,0.211832961481476,0.124259141790851,0.180530664488876,0.198505293210115,0.545907769731757,0.433306432513944,0.585614726646669,0.702303725789332,0.537331998461804,0.134943771433136,0.107197724703224,0.165349522350068,0.167822953406404,0.535999288469871,0.177540258588498,0.0867948410360667,0.558069673076543,0.921221380053024,0.209763619327722,0.670066324110316,0.872861601406218,0.0510943317344119
"107","7706","Acute","b_cell_9",97,0.000211784844065221,0.167952751456696,0.124779037218923,0.12927910362044,0.0998198869179933,0.525611838020322,0.284407742806434,0.640634453506691,0.59383229066708,0.160787779137672,0.100830207272268,0.686692602672964,0.19821455610007,0.210637873278505,0.0418185987283575,0.117925234375515,0.589454941538172,0.322266034640118,0.58844298264078,0.07325309774431,0.24416679212252,0.123723041055605,0.179212629926899,0.197209355819936,0.526517619653911,0.457821388462422,0.602354283939474,0.737013206916009,0.511786057108792,0.135597428117255,0.0741823653710995,0.155000136024293,0.157692627164462,0.502408473444223,0.173482088632309,0.0962070115574919,0.599097805239553,0.923492684029119,0.0882971639074373,0.71241434851675,0.884750589270777,0.0256771511849748
"108","7706","Conv","b_cell_9",47,0.000134740366780479,0.18094729440216,0.130942369201217,0.139796122619686,0.183034615128241,0.462618691998315,0.30891996745684,0.653550309867608,0.653661082834047,0.203637330256749,0.0881694238348374,0.72633534403217,0.272516331266594,0.266339971548033,0.044942064633997,0.616033958044424,0.557681864950404,0.201410715264214,0.575614436223679,0.0982638701989395,0.157376315037708,0.12537841364595,0.114832608456887,0.214377885160932,0.567576892077888,0.510694868787123,0.616756596028383,0.701075086472423,0.462967513144733,0.157278200240426,0.0894568251165049,0.1435067928371,0.181502072068778,0.509616290895598,0.153238839841651,0.104078805085089,0.55558613917352,0.91442263241827,0.138723005513486,0.711285346876103,0.866869495829357,0.037087712464841
"109","7871","Acute","b_cell_9",2,5.85137507314219e-05,0.48411179616896,0.11242963842655,0.319315355583952,0.265714137833977,0.375857227122867,0.322691411785667,0.586091381542616,0.367501200211588,0.173967978534774,0.231096823237355,0.602448011604215,0.0228628350002916,0.257712381856166,0,0.0157126336773423,0.384938999441501,0.240715039920651,0.457309820783163,0,0.291384655897272,0.176480992412284,0.221369788723843,0.237115330096606,0.449354712000415,0.4994740919554,0.338444335351521,0.592883900473986,0.601860471777633,0.148645971928154,0.106841331044557,0.0111871668655701,0.314961858745605,0.413411522987266,0.0560935238723109,0.353159693844308,0.323836874213761,0.899703215601127,0.873683921274403,0.565836097467932,0.842476159899086,0.0441098153115615
"110","7871","Conv","b_cell_9",72,0.000232437266150355,0.199663534025927,0.0912568425463269,0.117191926863806,0.08290128685135,0.513175527211301,0.335285406014847,0.604873502544909,0.609524620659942,0.204096012994274,0.0787197009545692,0.653729286878505,0.267034429374592,0.287587953281081,0.0518052433967955,0.260394057912752,0.589302472647783,0.26583849640396,0.623777470423081,0.0483586326410305,0.240006232425673,0.0969718710228789,0.115709945805485,0.194357392970796,0.518137007534121,0.513737158708736,0.635477662008007,0.74261025668771,0.547423331207631,0.150038740415374,0.0863946717804415,0.141156478319576,0.152513630909983,0.567646954137335,0.220090500120872,0.107785056059195,0.612012603789494,0.93042520165219,0.159254617423245,0.708979980748496,0.873393846587649,0.0392400651173563
"111","7883","Acute","b_cell_9",140,0.000206587179789871,0.27039016628347,0.152116227154337,0.157696735397581,0.134725951363806,0.47881914387307,0.304040626231506,0.637538466241467,0.613369089900716,0.186665976018153,0.0827390615818884,0.654367777900919,0.273703506953993,0.209372330819386,0.0616350953682003,0.148252179214765,0.619026513489326,0.255946359312555,0.599836120553376,0.0715554890348154,0.34767128699982,0.10664203015122,0.113348506802029,0.156177180260861,0.526773508092781,0.429006689881717,0.65336894251755,0.824867533422727,0.556225536261159,0.138046261481284,0.0800411534941016,0.116202435975143,0.0964125046672795,0.543512465732044,0.159955430376132,0.0992998088736323,0.619681655140515,0.904063487501707,0.157940763596892,0.704322109844461,0.856182592850947,0.0232210440505249
"112","7883","Conv","b_cell_9",59,0.000120363211290477,0.252312778792914,0.135214254893967,0.151424898425785,0.11949245195424,0.438667003303152,0.392379851324905,0.63653600435427,0.565717729656821,0.183955992107174,0.056666362315627,0.675116055107956,0.221166448121716,0.205018916197851,0.0615837248117978,0.544875760708283,0.620685756521253,0.264745314848066,0.617297695096399,0.0851590078320764,0.400505901906799,0.121672965632059,0.104658313440193,0.191491588334731,0.580710373072258,0.436372423550452,0.682337209405151,0.765967897736355,0.555079191017678,0.159490846368038,0.113238535538066,0.133698863359171,0.124516979032167,0.478119357913094,0.123866461948349,0.110118198621001,0.641385882478644,0.89863047403632,0.140037702278636,0.699702616547303,0.834583720235451,0.0441020441783873
"113","7933","Acute","b_cell_9",133,0.000375250402054002,0.290178512315404,0.19236108875985,0.14567488715154,0.153279607017488,0.475856759589578,0.329035702188288,0.66038159765716,0.560153974658604,0.202124112580691,0.0603903359611926,0.644483565890563,0.186163931119209,0.225323724829845,0.0543259676561916,0.322203373710154,0.596009829286245,0.241063796513052,0.602754099176788,0.0631862291991526,0.341154468409085,0.116054243191888,0.122022669339108,0.131737129410674,0.524090230523828,0.444380150293595,0.673155939052574,0.78529510392337,0.585091971260697,0.131531576349213,0.0742507670389789,0.132464099620586,0.120178438165664,0.504158591657684,0.182438283140612,0.108572550896676,0.660505644503028,0.908504909158726,0.176643433172446,0.726129590507843,0.845263062385308,0.0304240151633591
"114","7933","Conv","b_cell_9",51,0.000275464238260362,0.335025823442063,0.155736528668331,0.147362420824703,0.15346318626837,0.414488492297797,0.317821789625958,0.689740172406595,0.51560094474853,0.221301450454219,0.097312875398072,0.634161584203477,0.224829946471834,0.205059360502312,0.0702078937480295,0.545279896614855,0.582842507647789,0.266196788473418,0.571782973041737,0.0901486466457622,0.350233444420226,0.0944763920371407,0.157537514290254,0.212201980351572,0.54714756931058,0.485541208922598,0.640121077105979,0.67409020831366,0.627673122718361,0.144502945784513,0.0692277143780116,0.135276536742236,0.192775330289982,0.536022359905941,0.146638365273402,0.135700497501998,0.562876899740609,0.884922318059298,0.29890413056354,0.696809108583066,0.819514633395642,0.0516563838885101
"115","8016","Acute","b_cell_9",48,0.000123028342654439,0.259190994443999,0.119056161208051,0.153980725447774,0.0778724419143039,0.469743496578282,0.303736958319502,0.626054759693952,0.58876119408825,0.221554988589561,0.0554073131648091,0.672950508421546,0.170628883972152,0.23293791008561,0.0500173785213163,0.140585017426265,0.578704898071058,0.273032280615191,0.627307335289185,0.0622317377398893,0.374255679881123,0.136999549087104,0.172579822937773,0.122347956943327,0.497807058365156,0.39074324330439,0.602719467116834,0.793556679615891,0.592289121636269,0.135074829214227,0.0938884640501926,0.145091452973805,0.0876372726202006,0.486148083908259,0.151566916837586,0.115406386916545,0.617079105126671,0.90541042410214,0.157461455316614,0.681725866093568,0.838347784850122,0.0189158069435004
"116","8016","Conv","b_cell_9",21,9.15798838243759e-05,0.213292682190493,0.192487008007704,0.127060986976302,0.0760519900311538,0.439259780559069,0.304521773366182,0.641817024356268,0.589339660476279,0.248210422104011,0.0621714687521444,0.680260995389727,0.166507922326367,0.190397469626784,0.0717562246420844,0.522273681149307,0.59714497207276,0.26936751997268,0.631266585840644,0.0643675886297001,0.293322240551637,0.107767499464372,0.0897234818435857,0.121281576101261,0.537681039330419,0.324169705125147,0.676267898296956,0.694821606483712,0.52653481652161,0.1389301562548,0.049585793353304,0.137761104347214,0.0823947911296738,0.492424909284746,0.0476898307572018,0.132337111272247,0.5870024125747,0.898637030124734,0.188724647542616,0.690523945868365,0.826671808960886,0.0422988380347166
